name,nse_symbol,isin
20 Microns Limited,20MICRONS,INE144J01027
21st Century Management Services Limited,21STCENMGM,INE253B01015
360 ONE WAM LIMITED,360ONE,INE466L01038
3B Blackbio Dx Limited,3BBLACKBIO,INE994E01018
3i Infotech Limited,3IINFOLTD,INE748C01038
3M India Limited,3MINDIA,INE470A01017
3P Land Holdings Limited,3PLAND,INE105C01023
5Paisa Capital Limited,5PAISA,INE618L01018
63 moons technologies limited,63MOONS,INE111B01023
A2Z Infra Engineering Limited,A2ZINFRA,INE619I01012
AAA Technologies Limited,AAATECH,INE0D0U01013
Aadhar Housing Finance Limited,AADHARHFC,INE883F01010
Aakash Exploration Services Limited,AAKASH,INE087Z01024
Aarey Drugs & Pharmaceuticals Limited,AAREYDRUGS,INE198H01019
Aarnav Fashions Limited,AARNAV,INE750R01016
Aaron Industries Limited,AARON,INE721Z01010
Aartech Solonics Limited,AARTECH,INE01C001026
Aarti Drugs Limited,AARTIDRUGS,INE767A01016
Aarti Industries Limited,AARTIIND,INE769A01020
Aarti Pharmalabs Limited,AARTIPHARM,INE0LRU01027
Aarti Surfactants Limited,AARTISURF,INE09EO01013
Aarvi Encon Limited,AARVI,INE754X01016
Aastha Spintex Limited,AASTHA,INE2FMX01012
Aavas Financiers Limited,AAVAS,INE216P01012
Aban Offshore Limited,ABAN,INE421A01028
Abans Enterprises Limited,ABANSENT,INE365O01028
ABB India Limited,ABB,INE117A01022
Abbott India Limited,ABBOTINDIA,INE358A01014
Aditya Birla Capital Limited,ABCAPITAL,INE674K01013
A B Cotspin India Limited,ABCOTS,INE08PH01015
Allied Blenders and Distillers Limited,ABDL,INE552Z01027
Aditya Birla Fashion and Retail Limited,ABFRL,INE647O01011
A B Infrabuild Limited,ABINFRA,INE00YB01025
Aditya Birla Lifestyle Brands Limited,ABLBL,INE14LE01019
ABM International Limited,ABMINTLLTD,INE251C01025
ABM Knowledgeware Limited,ABMKNO,INE850B01026
Aditya Birla Real Estate Limited,ABREL,INE055A01016
Aditya Birla Sun Life AMC Limited,ABSLAMC,INE404A01024
ACC Limited,ACC,INE012A01025
Accelya Solutions India Limited,ACCELYA,INE793A01012
Accuracy Shipping Limited,ACCURACY,INE648Z01023
Action Construction Equipment Limited,ACE,INE731H01025
Ace Integrated Solutions Limited,ACEINTEG,INE543V01017
Automobile Corporation of Goa Limited,ACGL,INE451C01013
Archean Chemical Industries Limited,ACI,INE128X01021
Andhra Cements Limited,ACL,INE666E01020
Acme Solar Holdings Limited,ACMESOLAR,INE622W01025
ACS Technologies Limited,ACSTECH,INE366C01021
Acutaas Chemicals Limited,ACUTAAS,INE00FF01025
Adani Energy Solutions Limited,ADANIENSOL,INE931S01010
Adani Enterprises Limited,ADANIENT,INE423A01024
Adani Green Energy Limited,ADANIGREEN,INE364U01010
Adani Ports and Special Economic Zone Limited,ADANIPORTS,INE742F01042
Adani Power Limited,ADANIPOWER,INE814H01029
Addi Industries Limited,ADDIND,INE757C01021
ADF Foods Limited,ADFFOODS,INE982B01027
Archidply Decor Limited,ADL,INE0CHO01012
Ador Welding Limited,ADOR,INE045A01017
Adroit Infotech Limited,ADROITINFO,INE737B01033
Allied Digital Services Limited,ADSL,INE102I01027
Advait Energy Transitions Limited,ADVAIT,INE0ALI01010
Advance Agrolife Limited,ADVANCE,INE1B0W01010
Advani Hotels & Resorts (India) Limited,ADVANIHOTR,INE199C01026
Advent Hotels International Limited,ADVENTHTL,INE28GN01010
Advanced Enzyme Technologies Limited,ADVENZYMES,INE837H01020
Advik Capital Limited,ADVIKCA,INE178T01024
Aegis Logistics Limited,AEGISLOG,INE208C01025
Aegis Vopak Terminals Limited,AEGISVOPAK,INE0INX01018
Artemis Electricals and Projects Limited,AEPL,INE757T01025
Aequs Limited,AEQUS,INE947N01017
Aeroflex Enterprises Limited,AEROENTER,INE065D01027
Aeroflex Industries Limited,AEROFLEX,INE024001021
Aeroflex Neu Limited,AERONEU,INE035801013
Amir Chand Jagdish Kumar (Exports) Limited,AEROPLANE,INE05TO01019
Aether Industries Limited,AETHER,INE0BWX01014
Afcons Infrastructure Limited,AFCONS,INE101I01011
Affle 3i Limited,AFFLE,INE00WC01027
Affordable Robotic & Automation Limited,AFFORDABLE,INE692Z01013
Akme Fintrade (India) Limited,AFIL,INE916Y01027
Abans Financial Services Limited,AFSL,INE00ZE01026
Agarwal Industrial Corporation Limited,AGARIND,INE204E01012
Dr. Agarwal's Health Care Limited,AGARWALEYE,INE943P01029
AGI Greenpac Limited,AGI,INE415A01038
Agi Infra Limited,AGIIL,INE976R01033
Allcargo Global Limited,AGL,INE1YPB01014
Agri-Tech (India) Limited,AGRITECH,INE449G01018
Agro Phos India Limited,AGROPHOS,INE740V01019
AGS Transact Technologies Limited,AGSTRA,INE583L01014
Anlon Healthcare Limited,AHCL,INE0Y8W01025
Ahlada Engineers Limited,AHLADA,INE00PV01013
Asian Hotels (East) Limited,AHLEAST,INE926K01017
Ahluwalia Contracts (India) Limited,AHLUCONT,INE758C01029
Asian Hotels (West) Limited,AHLWEST,INE915K01010
AIA Engineering Limited,AIAENG,INE212H01026
Authum Investment & Infrastructure Limited,AIIL,INE206F01022
Airan Limited,AIRAN,INE645W01026
Airo Lam limited,AIROLAM,INE801L01010
Ajanta Pharma Limited,AJANTPHARM,INE031B01049
Ajax Engineering Limited,AJAXENGG,INE274Y01021
Ajmera Realty & Infra India Limited,AJMERA,INE298G01035
Ajooni Biotech Limited,AJOONI,INE820Y01021
Akash Infra-Projects Limited,AKASH,INE737W01013
AK Capital Services Limited,AKCAPIT,INE701G01012
Akg Exim Limited,AKG,INE00Y801016
AKI India Limited,AKI,INE642Z01026
Akshar Spintex Limited,AKSHAR,INE256Z01025
AksharChem India Limited,AKSHARCHEM,INE542B01011
Aksh Optifibre Limited,AKSHOPTFBR,INE523B01011
Akums Drugs and Pharmaceuticals Limited,AKUMS,INE09XN01023
Alankit Limited,ALANKIT,INE914E01040
Albert David Limited,ALBERTDAVD,INE155C01010
Alembic Limited,ALEMBICLTD,INE426A01027
Alfred Herbert India Limited,ALFREDHE,INE782D01027
Algoquant Fintech Limited,ALGOQUANT,INE598D01035
Alicon Castalloy Limited,ALICON,INE062D01024
Alivus Life Sciences Limited,ALIVUS,INE03Q201024
Alkali Metals Limited,ALKALI,INE773I01017
Alkem Laboratories Limited,ALKEM,INE540L01014
Alkyl Amines Chemicals Limited,ALKYLAMINE,INE150B01039
Allcargo Logistics Limited,ALLCARGO,INE418H01029
Alldigi Tech Limited,ALLDIGI,INE835G01018
All Time Plastics Limited,ALLTIME,INE0GV601021
Almondz Global Securities Limited,ALMONDZ,INE326B01035
Alok Industries Limited,ALOKINDS,INE270A01029
Alpa Laboratories Limited,ALPA,INE385I01010
Alphageo (India) Limited,ALPHAGEO,INE137C01018
Alpine Texworld Limited,ALPINETEX,INE1JCQ01037
Alufluoride Limited,ALUFLUOR,INE058F01019
Amagi Media Labs Limited,AMAGI,INE121R01077
Amal Limited,AMAL,INE841D01013
Amanta Healthcare Limited,AMANTA,INE084K01015
Amarjothi Spinning Mills Limited,AMARJOTHI,INE484D01012
Ambalal Sarabhai Enterprises Limited,AMBALALSA,INE432A01017
Amber Enterprises India Limited,AMBER,INE371P01015
Ambica Agarbathies & Aroma industries Limited,AMBICAAGAR,INE792B01012
Ambika Cotton Mills Limited,AMBIKCO,INE540G01014
Ambuja Cements Limited,AMBUJACEM,INE079A01024
AMD Industries Limited,AMDIND,INE005I01014
Amj Land Holdings Limited,AMJLAND,INE606A01024
Amines & Plasticizers Limited,AMNPLST,INE275D01022
Amrutanjan Health Care Limited,AMRUTANJAN,INE098F01031
Anand Rathi Wealth Limited,ANANDRATHI,INE463V01026
Anant Raj Limited,ANANTRAJ,INE242C01024
ANDHRA PAPER LIMITED,ANDHRAPAP,INE435A01051
The Andhra Sugars Limited,ANDHRSUGAR,INE715B01021
Andrew Yule & Company Limited,ANDREWYU,INE449C01025
Angel One Limited,ANGELONE,INE732I01021
Anik Industries Limited,ANIKINDS,INE087B01017
Ankit Metal & Power Limited,ANKITMETAL,INE106I01010
Anmol India Limited,ANMOL,INE02AR01019
Annapurna Swadisht Limited,ANNAPURNA,INE0MGM01017
Ansal Properties & Infrastructure Limited,ANSALAPI,INE436A01026
Ansal Buildwell Limited,ANSALBU,INE030C01015
Antelopus Selan Energy Limited,ANTELOPUS,INE818A01017
Antarctica Limited,ANTGRAPHIC,INE414B01021
Anthem Biosciences Limited,ANTHEM,INE0CZ201020
Anuh Pharma Limited,ANUHPHR,INE489G01022
The Anup Engineering Limited,ANUP,INE294Z01018
Anupam Rasayan India Limited,ANURAS,INE930P01018
Apar Industries Limited,APARINDS,INE372A01015
Anjani Portland Cement Limited,APCL,INE071F01012
Apcotex Industries Limited,APCOTEXIND,INE116A01032
Apex Frozen Foods Limited,APEX,INE346W01013
APL Apollo Tubes Limited,APLAPOLLO,INE702C01027
Alembic Pharmaceuticals Limited,APLLTD,INE901L01018
Apollo Micro Systems Limited,APOLLO,INE713T01028
Apollo Hospitals Enterprise Limited,APOLLOHOSP,INE437A01024
Apollo Pipes Limited,APOLLOPIPE,INE126J01016
Apollo Tyres Limited,APOLLOTYRE,INE438A01022
Apollo Sindoori Hotels Limited,APOLSINHOT,INE451F01024
Apoorva Leasing Finance and Investment Company Limited,APOORVA,INE217S01014
Aptech Limited,APTECHT,INE266F01018
Aptus Value Housing Finance India Limited,APTUS,INE852O01025
Aqylon Nexus Limited,AQYLON,INE416A01051
Archidply Industries Limited,ARCHIDPLY,INE877I01016
Archies Limited,ARCHIES,INE731A01020
ARCL Organics Limited,ARCL,INE372M01010
Ardee Industries Limited,ARDEE,INE0XNF01022
Amara Raja Energy & Mobility Limited,ARE&M,INE885A01032
Rajdarshan Industries Limited,ARENTERP,INE610C01014
Arfin India Limited,ARFIN,INE784R01023
Aries Agro Limited,ARIES,INE298I01015
Arihant Foundations & Housing Limited,ARIHANT,INE413D01011
Arihant Capital Markets Limited,ARIHANTCAP,INE420B01036
Arihant Superstructures Limited,ARIHANTSUP,INE643K01018
Arisinfra Solutions Limited,ARIS,INE0H9P01028
Arkade Developers Limited,ARKADE,INE0QRL01017
Arman Financial Services Limited,ARMANFIN,INE109C01017
Aro Granite Industries Limited,AROGRANITE,INE210C01013
Arrow Greentech Limited,ARROWGREEN,INE570D01018
Arshiya Limited,ARSHIYA,INE968D01022
Anand Rathi Share and Stock Brokers Limited,ARSSBL,INE549H01021
Artemis Medicare Services Limited,ARTEMISMED,INE025R01021
Art Nirman Limited,ARTNIRMAN,INE738V01013
Arvee Laboratories (India) Limited,ARVEE,INE006Z01016
Arvind Limited,ARVIND,INE034A01011
Arvind Fashions Limited,ARVINDFASN,INE955V01021
Arvind SmartSpaces Limited,ARVSMART,INE034S01021
Aryaman Financial Services Limited,ARYAMAN,INE032E01017
Asahi India Glass Limited,ASAHIINDIA,INE439A01020
Asahi Songwon Colors Limited,ASAHISONG,INE228I01012
Automotive Stampings and Assemblies Limited,ASAL,INE900C01027
Associated Alcohols & Breweries Ltd.,ASALCBR,INE073G01016
Ashapura Minechem Limited,ASHAPURMIN,INE348A01023
Ashiana Housing Limited,ASHIANA,INE365D01021
Ashika Global Securities Limited,ASHIKAG,INE094B01013
Ashima Limited,ASHIMASYN,INE440A01010
Ashoka Buildcon Limited,ASHOKA,INE442H01029
Ashoka Metcast Limited,ASHOKAMET,INE760Y01011
Ashok Leyland Limited,ASHOKLEY,INE208A01029
Asian Energy Services Limited,ASIANENE,INE276G01015
Asian Hotels (North) Limited,ASIANHOTNR,INE363A01022
Asian Paints Limited,ASIANPAINT,INE021A01026
Asian Granito India Limited,ASIANTILES,INE022I01019
Asian Tea & Exports Limited,ASIANTNE,INE822B01017
ASK Automotive Limited,ASKAUTOLTD,INE491J01022
Avio Smart Market Stack Limited,ASMS,INE855F01042
Aspinwall and Company Limited,ASPINWALL,INE991I01015
Assam Entrade Limited,ASSAMENT,INE165G01010
Asian Star Company Limited,ASTAR,INE194D01017
Astec LifeSciences Limited,ASTEC,INE563J01010
Aster DM Quality Care Limited,ASTERDM,INE914M01019
Astral Limited,ASTRAL,INE006I01046
Astra Microwave Products Limited,ASTRAMICRO,INE386C01029
AstraZeneca Pharma India Limited,ASTRAZEN,INE203A01020
Astron Paper & Board Mill Limited,ASTRON,INE646X01014
Atal Realtech Limited,ATALREAL,INE0ALR01029
Atam Valves Limited,ATAM,INE09KD01013
Adani Total Gas Limited,ATGL,INE399L01023
Ather Energy Limited,ATHERENERG,INE0LEZ01016
Allcargo Terminals Limited,ATL,INE0NN701020
ATLANTAA LIMITED,ATLANTAA,INE285H01022
Atlanta Electricals Limited,ATLANTAELE,INE0Z4F01028
Atlas Cycles (Haryana) Limited,ATLASCYCLE,INE446A01025
Atul Limited,ATUL,INE100A01010
Atul Auto Limited,ATULAUTO,INE951D01028
AU Small Finance Bank Limited,AUBANK,INE949L01017
Augmont Enterprises Limited,AUGMONT,INE16W401027
Aurionpro Solutions Limited,AURIONPRO,INE132H01018
Aurobindo Pharma Limited,AUROPHARMA,INE406A01037
Aurum PropTech Limited,AURUM,INE898S01029
AURUS GEM CORPORATION LIMITED,AURUS,INE142K01011
Ausom Enterprise Limited,AUSOMENT,INE218C01016
Austin Engineering Company  Limited,AUSTENG,INE759F01012
Automotive Axles Limited,AUTOAXLES,INE449A01011
Autoline Industries Limited,AUTOIND,INE718H01014
Avadh Sugar & Energy Limited,AVADHSUGAR,INE349W01017
Avalon Technologies Limited,AVALON,INE0LCL01028
Avance Technologies Limited,AVANCE,INE758A01072
Avantel Limited,AVANTEL,INE005B01027
Avanti Feeds Limited,AVANTIFEED,INE871C01038
AVG Logistics Limited,AVG,INE680Z01018
Aditya Vision Limited,AVL,INE679V01027
Avonmore Capital & Management Services Limited,AVONMORE,INE323B01024
AVRO INDIA LIMITED,AVROIND,INE652Z01025
AVT Natural Products Limited,AVTNPL,INE488D01021
Awfis Space Solutions Limited,AWFIS,INE108V01019
Antony Waste Handling Cell Limited,AWHCL,INE01BK01022
AWL Agri Business Limited,AWL,INE699H01024
Axis Bank Limited,AXISBANK,INE238A01034
AXISCADES Technologies Limited,AXISCADES,INE555B01013
Axita Cotton Limited,AXITA,INE02EZ01022
Axtel Industries Limited,AXTEL,INE767C01012
Aye Finance Limited,AYE,INE501X01029
AYM Syntex Limited,AYMSYNTEX,INE193B01039
Azad Engineering Limited,AZAD,INE02IJ01035
Azad India Mobility Limited,AZADIND,INE566M01017
Bafna Pharmaceuticals Limited,BAFNAPH,INE878I01022
B.A.G Films and Media Limited,BAGFILMS,INE116D01028
Baid Finserv Limited,BAIDFIN,INE020D01022
Bajaj Auto Limited,BAJAJ-AUTO,INE917I01010
Bajaj Consumer Care Limited,BAJAJCON,INE933K01021
Bajaj Electricals Limited,BAJAJELEC,INE193E01025
Bajaj Finserv Limited,BAJAJFINSV,INE918I01026
Bajaj Healthcare Limited,BAJAJHCARE,INE411U01027
Bajaj Housing Finance Limited,BAJAJHFL,INE377Y01014
Bajaj Hindusthan Sugar Limited,BAJAJHIND,INE306A01021
Bajaj Holdings & Investment Limited,BAJAJHLDNG,INE118A01012
Indef Manufacturing Limited,BAJAJINDEF,INE0O9T01021
Bajaj Steel Industries Limited,BAJAJST,INE704G01024
Bajel Projects Limited,BAJEL,INE0KQN01018
Bajaj Finance Limited,BAJFINANCE,INE296A01032
Shree Tirupati Balajee Agro Trading Company Limited,BALAJEE,INE0S2G01011
Balaji Telefilms Limited,BALAJITELE,INE794B01026
Balaji Amines Limited,BALAMINES,INE050E01027
BALAXI PHARMACEUTICALS LIMITED,BALAXI,INE618N01022
Balkrishna Paper Mills Limited,BALKRISHNA,INE875R01011
Balkrishna Industries Limited,BALKRISIND,INE787D01026
Balmer Lawrie & Company Limited,BALMLAWRIE,INE164A01016
Bal Pharma Limited,BALPHARMA,INE083D01012
Balrampur Chini Mills Limited,BALRAMCHIN,INE119A01028
Balu Forge Industries Limited,BALUFORGE,INE011E01029
Banaras Beads Limited,BANARBEADS,INE655B01011
Bannari Amman Sugars Limited,BANARISUG,INE459A01010
Banco Products (I) Limited,BANCOINDIA,INE213C01025
Bandhan Bank Limited,BANDHANBNK,INE545U01014
Bang Overseas Limited,BANG,INE863I01016
Banka BioLoo Limited,BANKA,INE862Y01015
Bank of Baroda,BANKBARODA,INE028A01039
Bank of India,BANKINDIA,INE084A01016
Bansal Wire Industries Limited,BANSALWIRE,INE0B9K01025
Banswara Syntex Limited,BANSWRAS,INE629D01020
BASF India Limited,BASF,INE373A01013
Bannari Amman Spinning Mills Limited,BASML,INE186H01022
Bata India Limited,BATAINDIA,INE176A01028
Batliboi Limited,BATLIBOI,INE177C01022
Bayer Cropscience Limited,BAYERCROP,INE462A01022
Bharat Bijlee Limited,BBL,INE464A01036
Black Box Limited,BBOX,INE676A01027
The Bombay Burmah Trading Corporation Limited,BBTC,INE050A01025
B&B Triplewall Containers Limited,BBTCL,INE01EE01011
Brightcom Group Limited,BCG,INE425B01027
Bcl Industries Limited,BCLIND,INE412G01024
Brand Concepts Limited,BCONCEPTS,INE977Y01011
BCPL Railway Infrastructure Limited,BCPL,INE00SW01015
Bharat Dynamics Limited,BDL,INE171Z01026
Beardsell Limited,BEARDSELL,INE520H01022
Mrs. Bectors Food Specialities Limited,BECTORFOOD,INE495P01020
Bedmutha Industries Limited,BEDMUTHA,INE844K01012
Beekay Steel Industries Limited,BEEKAY,INE213D01015
Bharat Electronics Limited,BEL,INE263A01024
Bella Casa Fashion & Retail Limited,BELLACASA,INE344T01014
Belrise Industries Limited,BELRISE,INE894V01022
BEML Limited,BEML,INE258A01024
Benares Hotels Limited,BENARAS,INE664D01019
Bengal & Assam Company Limited,BENGALASM,INE083K01017
Bhansali Engineering Polymers Limited,BEPL,INE922A01025
Berger Paints (I) Limited,BERGEPAINT,INE463A01038
Best Agrolife Limited,BESTAGRO,INE052T01021
Beta Drugs Limited,BETA,INE351Y01019
BF Investment Limited,BFINVEST,INE878K01010
BF Utilities Limited,BFUTILITIE,INE243D01012
BGR Energy Systems Limited,BGRENERGY,INE661I01014
Bhagiradha Chemicals & Industries Limited,BHAGCHEM,INE414D01027
Bhageria Industries Limited,BHAGERIA,INE354C01027
Bhagyanagar India Limited,BHAGYANGR,INE458B01036
Bhandari Hosiery Exports Limited,BHANDARI,INE474E01029
Bharat Coking Coal Limited,BHARATCOAL,INE05XR01022
Bharat Forge Limited,BHARATFORG,INE465A01025
Bharat Gears Limited,BHARATGEAR,INE561C01019
Bharat Rasayan Limited,BHARATRAS,INE838B01021
Bharat Seats Limited,BHARATSE,INE415D01024
Bharat Wire Ropes Limited,BHARATWIRE,INE316L01019
Bharti Airtel Limited,BHARTIARTL,INE397D01024
Bharti Hexacom Limited,BHARTIHEXA,INE343G01021
Bharat Heavy Electricals Limited,BHEL,INE257A01026
Bilcare Limited,BI,INE986A01012
Bigbloc Construction Limited,BIGBLOC,INE412U01025
Bikaji Foods International Limited,BIKAJI,INE00E101023
Bhartiya International Limited,BIL,INE828A01016
BIL VYAPAR LIMITED,BILVYAPAR,INE071A01013
Bimetal Bearings Limited,BIMETAL,INE469A01019
Biocon Limited,BIOCON,INE376G01013
Biofil Chemicals & Pharmaceuticals Limited,BIOFILCHEM,INE829A01014
Birla Cable Limited,BIRLACABLE,INE800A01015
Birla Corporation Limited,BIRLACORPN,INE340A01012
Aditya Birla Money Limited,BIRLAMONEY,INE865C01022
BirlaNu Limited,BIRLANU,INE557A01011
Birla Precision Technologies Limited,BIRLAPREC,INE372E01025
BLACKBUCK LIMITED,BLACKBUCK,INE0UIZ01018
Black Rose Inds. Limited,BLACKROSE,INE761G01016
BEML Land Assets Limited,BLAL,INE0N7W01012
BLB Limited,BLBLIMITED,INE791A01024
Behari Lal Engineering Limited,BLEL,INE1EEM01017
Balmer Lawrie Investments Limited,BLIL,INE525F01025
Bliss GVS Pharma Limited,BLISSGVS,INE416D01022
B. L. Kashyap and Sons Limited,BLKASHYAP,INE350H01032
BLS International Services Limited,BLS,INE153T01027
BLS E-Services Limited,BLSE,INE0NLT01010
Blue Chip India Limited,BLUECHIP,INE657B01025
Blue Cloud Softech Solutions Limited,BLUECLOUDS,INE373T01047
Blue Coast Hotels Limited,BLUECOAST,INE472B01011
Blue Dart Express Limited,BLUEDART,INE233B01017
Blue Jet Healthcare Limited,BLUEJET,INE0KBH01020
Blue Star Limited,BLUESTARCO,INE472A01039
BlueStone Jewellery and Lifestyle Limited,BLUESTONE,INE304W01038
Bluspring Enterprises Limited,BLUSPRING,INE0U4101014
BMW Ventures Limited,BMWVENTLTD,INE965W01036
BN Agrochem Limited,BNAGROCHEM,INE00HZ01011
B & A Limited,BNALTD,INE489D01011
Bodal Chemicals Limited,BODALCHEM,INE338D01028
Bohra Industries Limited,BOHRAIND,INE802W01023
Bombay Dyeing & Mfg Company Limited,BOMDYEING,INE032A01023
Bonlon Industries Limited,BONLON,INE0B9A01018
Borana Weaves Limited,BORANA,INE16SF01016
Borosil Limited,BOROLTD,INE02PY01013
BOROSIL RENEWABLES LIMITED,BORORENEW,INE666D01022
Borosil Scientific Limited,BOROSCI,INE02L001032
BOSCH HOME COMFORT INDIA LIMITED,BOSCH-HCIL,INE782A01015
Bosch Limited,BOSCHLTD,INE323A01026
Bharat Petroleum Corporation Limited,BPCL,INE029A01011
BPL Limited,BPL,INE110A01019
Bharat Parenterals Limited,BPLPHARMA,INE365Y01019
Brahmaputra Infrastructure Limited,BRAHMINFRA,INE320I01017
Brigade Enterprises Limited,BRIGADE,INE791I01019
Brigade Hotel Ventures Limited,BRIGHOTEL,INE03NU01014
Bright Brothers Limited,BRIGHTBR,INE630D01010
Britannia Industries Limited,BRITANNIA,INE216A01030
Bharat Road Network Limited,BRNL,INE727S01012
Brooks Laboratories Limited,BROOKS,INE650L01011
BSE Limited,BSE,INE118H01025
Bombay Super Hybrid Seeds Limited,BSHSL,INE032Z01020
BSL Limited,BSL,INE594B01012
BIRLASOFT LIMITED,BSOFT,INE836A01035
Bodhi Tree Multimedia Limited,BTML,INE0EEJ01023
Bhilwara Technical Textiles Limited,BTTL,INE274K01012
Shankara Buildpro Limited,BUILDPRO,INE24OJ01011
Burnpur Cement Limited,BURNPUR,INE817H01022
Butterfly Gandhimathi Appliances Limited,BUTTERFLY,INE295F01017
Barak Valley Cements Limited,BVCL,INE139I01011
The Byke Hospitality Ltd,BYKE,INE319B01014
California Software Company Limited,CALSOFT,INE526B01014
Camlin Fine Sciences Limited,CAMLINFINE,INE052I01032
Campus Activewear Limited,CAMPUS,INE278Y01022
Computer Age Management Services Limited,CAMS,INE596I01020
Canara Bank,CANBK,INE476A01022
Can Fin Homes Limited,CANFINHOME,INE477A01020
Canara HSBC Life Insurance Company Limited,CANHLIFE,INE01TY01017
Cantabil Retail India Limited,CANTABIL,INE068L01024
Capacit'e Infraprojects Limited,CAPACITE,INE264T01014
Capillary Technologies India Limited,CAPILLARY,INE0ILV01024
Capital Small Finance Bank Limited,CAPITALSFB,INE646H01017
Caplin Point Laboratories Limited,CAPLIPOINT,INE475E01026
Capital Trust Limited,CAPTRUST,INE707C01018
Carborundum Universal Limited,CARBORUNIV,INE120A01034
CARE Ratings Limited,CARERATING,INE752H01013
Carraro India Limited,CARRARO,INE0V7W01012
Cartrade Tech Limited,CARTRADE,INE290S01011
CARYSIL LIMITED,CARYSIL,INE482D01024
Castrol India Limited,CASTROLIND,INE172A01027
AvenuesAI Limited,CCAVENUE,INE483S01020
Consolidated Construction Consortium Limited,CCCL,INE429I01024
Country Club Hospitality & Holidays Limited,CCHHL,INE652F01027
CCL Products (India) Limited,CCL,INE421D01022
Central Depository Services (India) Limited,CDSL,INE736A01011
CEAT Limited,CEATLTD,INE482A01020
Ceigall India Limited,CEIGALL,INE0AG901020
Ceinsys Tech Limited,CEINSYS,INE016Q01014
Celebrity Fashions Limited,CELEBRITY,INE185H01016
Cello World Limited,CELLO,INE0LMW01024
Cemindia Projects Limited,CEMPRO,INE686A01026
Century Enka Limited,CENTENKA,INE485A01015
Century Extrusions Limited,CENTEXT,INE281A01026
Central Bank of India,CENTRALBK,INE483A01010
Centrum Capital Limited,CENTRUM,INE660C01027
Centum Electronics Limited,CENTUM,INE320B01020
Century Plyboards (India) Limited,CENTURYPLY,INE348B01021
Cera Sanitaryware Limited,CERA,INE739E01017
Cerebra Integrated Technologies Limited,CEREBRAINT,INE345B01019
CESC Limited,CESC,INE486A01021
Concord Enviro Systems Limited,CEWATER,INE037Z01029
Confidence Futuristic Energetech Limited,CFEL,INE700F01024
Capri Global Capital Limited,CGCL,INE180C01042
CG Power and Industrial Solutions Limited,CGPOWER,INE067A01029
CG Vak Software & Exports Limited,CGVAK,INE084D01010
Chalet Hotels Limited,CHALET,INE427F01016
Chambal Fertilizers & Chemicals Limited,CHAMBLFERT,INE085A01013
Chembond Material Technologies Limited,CHEMBOND,INE995D01025
Chembond Chemicals Limited,CHEMBONDCH,INE0TGX01019
Chemcon Speciality Chemicals Limited,CHEMCON,INE03YM01018
Chemcrux Enterprises Limited,CHEMCRUX,INE298W01016
Chemfab Alkalis Limited,CHEMFAB,INE783X01023
Chemplast Sanmar Limited,CHEMPLASTS,INE488A01050
Chennai Petroleum Corporation Limited,CHENNPETRO,INE178A01016
Cheviot Company Limited,CHEVIOT,INE974B01016
Choice International Limited,CHOICEIN,INE102B01014
Cholamandalam Investment and Finance Company Limited,CHOLAFIN,INE121A01024
Cholamandalam Financial Holdings Limited,CHOLAHLDNG,INE149A01033
CIE Automotive India Limited,CIEINDIA,INE536H01010
Capital India Finance Limited,CIFL,INE345H01024
Cineline India Limited,CINELINE,INE704H01022
Cinevista Limited,CINEVISTA,INE039B01026
Cipla Limited,CIPLA,INE059A01026
Clean Science and Technology Limited,CLEAN,INE227W01023
Clean Max Enviro Energy Solutions Limited,CLEANMAX,INE647U01026
CL Educate Limited,CLEDUCATE,INE201M01029
Chaman Lal Setia Exports Limited,CLSEL,INE419D01026
Caliber Mining and Logistics Limited,CMLL,INE11XY01018
Central Mine Planning & Design Institute Limited,CMPDI,INE05HV01027
CMR Green Technologies Limited,CMRGREEN,INE00WV01027
CMS Info Systems Limited,CMSINFO,INE925R01014
Creative Newtech Limited,CNL,INE985W01018
Coal India Limited,COALINDIA,INE522F01014
Coastal Corporation Limited,COASTCORP,INE377E01024
Cochin Shipyard Limited,COCHINSHIP,INE704P01025
John Cockerill India Limited,COCKERILL,INE515A01019
Coffee Day Enterprises Limited,COFFEEDAY,INE335K01011
Coforge Limited,COFORGE,INE591G01025
Cohance Lifesciences Limited,COHANCE,INE03QK01018
Colgate Palmolive (India) Limited,COLPAL,INE259A01022
Comfort Intech Limited,COMFINTE,INE819A01049
Competent Automobiles Company Limited,COMPEAU,INE823B01015
Compuage Infocom Limited,COMPINFO,INE070C01037
Compucom Software Limited,COMPUSOFT,INE453B01029
Commercial Syn Bags Limited,COMSYN,INE073V01015
Container Corporation of India Limited,CONCOR,INE111A01025
Concord Biotech Limited,CONCORDBIO,INE338H01029
Confidence Petroleum India Limited,CONFIPET,INE552D01024
Consolidated Finvest & Holdings Limited,CONSOFINVT,INE025A01027
Control Print Limited,CONTROLPR,INE663B01015
Coral India Finance & Housing Limited,CORALFINAC,INE558D01021
Waterways Leisure Tourism Limited,CORDELIA,INE0LZF01039
Cords Cable Industries Limited,CORDSCABLE,INE792I01017
Coromandel International Limited,COROMANDEL,INE169A01031
CORONA Remedies Limited,CORONA,INE02ZQ01018
COSMO FIRST LIMITED,COSMOFIRST,INE757A01017
Country Condo's Limited,COUNCODOS,INE695B01025
CP Capital Limited,CPCAP,INE521J01018
Career Point Edutech Limited,CPEDU,INE0P6P01016
Captain Polyplast Limited,CPL,INE536P01021
Aditya Infotech Limited,CPPLUS,INE819V01029
Craftsman Automation Limited,CRAFTSMAN,INE00LO01017
Canara Robeco Asset Management Company Limited,CRAMC,INE218I01013
Cravatex Limited,CRAVATEX,INE145E01017
Creative Eye Limited,CREATIVEYE,INE230B01021
CREDITACCESS GRAMEEN LIMITED,CREDITACC,INE741K01010
Crest Ventures Limited,CREST,INE559D01011
Crisil Limited,CRISIL,INE007A01025
Crizac Limited,CRIZAC,INE0S4R01014
Crompton Greaves Consumer Electricals Limited,CROMPTON,INE299U01018
Crown Lifters Limited,CROWN,INE491V01019
Cressanda Railway Solutions Limited,CRSL,INE716D01033
CSB Bank Limited,CSBBANK,INE679A01013
CSL Finance Limited,CSLFINANCE,INE718F01018
CSM Technologies Limited,CSM,INE0ZK601013
Cambridge Technology Enterprises Limited,CTE,INE627H01017
City Union Bank Limited,CUB,INE491A01021
Cubex Tubings Limited,CUBEXTUB,INE144D01012
Cummins India Limited,CUMMINSIND,INE298A01020
Cupid Limited,CUPID,INE509F01029
Cura Technologies Limited,CURAA,INE117B01020
Cyber Media (India) Limited,CYBERMEDIA,INE278G01037
Cybertech Systems And Software Limited,CYBERTECH,INE214A01019
Cyient Limited,CYIENT,INE136B01020
Cyient DLM Limited,CYIENTDLM,INE055S01018
Dabur India Limited,DABUR,INE016A01026
Dai-Ichi Karkaria Limited,DAICHI,INE928C01010
Dalmia Bharat Limited,DALBHARAT,INE00R701025
Dalmia Bharat Sugar and Industries Limited,DALMIASUG,INE495A01022
Dam Capital Advisors Limited,DAMCAPITAL,INE284H01025
Damodar Industries Limited,DAMODARIND,INE497D01022
Dangee Dums Limited,DANGEE,INE688Y01022
Datamatics Global Services Limited,DATAMATICS,INE365B01017
Data Patterns (India) Limited,DATAPATTNS,INE0IX101010
Davangere Sugar Company Limited,DAVANGERE,INE179G01029
D.B.Corp Limited,DBCORP,INE950I01011
Deepak Builders & Engineers India Limited,DBEIL,INE0OPA01027
Dilip Buildcon Limited,DBL,INE917M01012
Dhampur Bio Organics Limited,DBOL,INE0I3401014
Valor Estate Limited,DBREALTY,INE879I01012
DB (International) Stock Brokers Limited,DBSTOCKBRO,INE921B01025
Dishman Carbogen Amcis Limited,DCAL,INE385W01011
DCB Bank Limited,DCBBANK,INE503A01015
Dc Infotech And Communication Limited,DCI,INE0A1101019
DCM  Limited,DCM,INE498A01018
DCM Financial Services Limited,DCMFINSERV,INE891B01012
DCM Nouvelle Limited,DCMNVL,INE08KP01019
DCM Shriram Limited,DCMSHRIRAM,INE499A01024
DCM Shriram International Limited,DCMSIL,INE0OU201013
DCM Shriram Industries Limited,DCMSRIND,INE843D01027
DCW Limited,DCW,INE500A01029
DCX Systems Limited,DCXINDIA,INE0KL801015
Ddev Plastiks Industries Limited,DDEVPLSTIK,INE0HR601026
Deccan Cements Limited,DECCANCE,INE583C01021
Deccan Gold Mines Limited,DECNGOLD,INE945F01025
DEE Development Engineers Limited,DEEDEV,INE841L01016
Deep Polymers Limited,DEEP,INE00IY01012
Deepak Fertilizers and Petrochemicals Corporation Limited,DEEPAKFERT,INE501A01019
Deepak Nitrite Limited,DEEPAKNTR,INE288B01029
Deep Industries Limited,DEEPINDS,INE0FHS01024
Delhivery Limited,DELHIVERY,INE148O01028
DELPHI WORLD MONEY LIMITED,DELPHIFX,INE726L01027
Delta Corp Limited,DELTACORP,INE124G01033
Delta Manufacturing Limited,DELTAMAGNT,INE393A01011
Den Networks Limited,DEN,INE947J01015
De Nora India Limited,DENORA,INE244A01016
Denta Water and Infra Solutions Limited,DENTA,INE0R4L01018
Dev Information Technology Limited,DEVIT,INE060X01034
Dev Accelerator Limited,DEVX,INE0VOV01021
Devyani International Limited,DEVYANI,INE872J01023
Digicontent Limited,DGCONTENT,INE03JI01017
Dhabriya Polywood Limited,DHABRIYA,INE260R01016
Dhampur Sugar Mills Limited,DHAMPURSUG,INE041A01016
Dhanlaxmi Bank Limited,DHANBANK,INE680A01011
Dhanuka Agritech Limited,DHANUKA,INE435G01025
DHARAN INFRA-EPC LIMITED,DHARAN,INE278R01034
Dharmaj Crop Guard Limited,DHARMAJ,INE00OQ01016
Dhatre Udyog Limited,DHATRE,INE715T01031
Dhoot Transmission Limited,DHOOTTRANS,INE01NH01023
Dhruv Consultancy Services Limited,DHRUV,INE506Z01015
Dhunseri Investments Limited,DHUNINV,INE320L01011
Diamond Power Infrastructure Limited,DIACABS,INE989C01038
Diamines & Chemicals Limited,DIAMINESQ,INE591D01014
Prataap Snacks Limited,DIAMONDYD,INE393P01035
DIC India Limited,DICIND,INE303A01010
Diffusion Engineers Limited,DIFFNKG,INE184O01015
Digidrive Distributors Limited,DIGIDRIVE,INE0PSC01024
DiGiSPICE Technologies Limited,DIGISPICE,INE927C01020
Digitide Solutions Limited,DIGITIDE,INE0U4701011
Digjam Limited,DIGJAMLMTD,INE731U01028
Disa India Limited,DISAQ,INE131C01011
Dish TV India Limited,DISHTV,INE836F01026
Divgi Torqtransfer Systems Limited,DIVGIITTS,INE753U01022
Divi's Laboratories Limited,DIVISLAB,INE361B01024
Dixon Technologies (India) Limited,DIXON,INE935N01020
DJ Mediaprint & Logistics Limited,DJML,INE0B1K01014
DLF Limited,DLF,INE271C01023
D-Link (India) Limited,DLINKINDIA,INE250K01012
Avenue Supermarts Limited,DMART,INE192R01011
DMCC SPECIALITY CHEMICALS LIMITED,DMCC,INE505A01010
Diligent Media Corporation Limited,DNAMEDIA,INE016M01021
Dodla Dairy Limited,DODLA,INE021O01019
Dolat Algotech Limited,DOLATALGO,INE966A01022
Dollar Industries Limited,DOLLAR,INE325C01035
Dolphin Offshore Enterprises (India) Limited,DOLPHIN,INE920A01037
DOMS Industries Limited,DOMS,INE321T01012
Donear Industries Limited,DONEAR,INE668D01028
D. P. Abhushan Limited,DPABHUSHAN,INE266Y01019
DPSC Limited,DPSCLTD,INE360C01024
D P Wires Limited,DPWIRES,INE864X01013
Dr Agarwals Eye Hospital Limited,DRAGARWQ,INE934C01018
DRC Systems India Limited,DRCSYSTEMS,INE03RS01027
Dreamfolks Services Limited,DREAMFOLKS,INE0JS101016
Dredging Corporation of India Limited,DREDGECORP,INE506A01018
Dr. Reddy's Laboratories Limited,DRREDDY,INE089A01031
DCM Shriram Fine Chemicals Limited,DSFCL,INE0OFM01015
DS Kulkarni Developers Limited,DSKULKARNI,INE891A01022
Dynacons Systems & Solutions Limited,DSSL,INE417B01040
Dhunseri Tea & Industries Limited,DTIL,INE341R01014
Ducon Infratechnologies Limited,DUCON,INE741L01018
Dhunseri Ventures Limited,DVL,INE477B01010
Dwarikesh Sugar Industries Limited,DWARKESH,INE366A01041
Dynamic Cables Limited,DYCL,INE600Y01019
Dynamatic Technologies Limited,DYNAMATECH,INE221B01012
Dynemic Products Limited,DYNPRO,INE256H01015
E2E Networks Limited,E2E,INE255Z01027
Easy Trip Planners Limited,EASEMYTRIP,INE07O001026
Eastern Silk Industries Limited,EASTSILK,INE962C01035
East West Freight Carriers Limited,EASTWEST,INE595R01023
GNG Electronics Limited,EBGNG,INE18JU01028
EBIX Limited,EBIX,INE432F01032
eClerx Services Limited,ECLERX,INE738I01010
Eco Recycling Limited,ECORECO,INE316A01038
Ecos (India) Mobility & Hospitality Limited,ECOSMOBLTY,INE06HJ01020
Edelweiss Financial Services Limited,EDELWEISS,INE532F01054
EFC (I) Limited,EFCIL,INE886D01026
Eicher Motors Limited,EICHERMOT,INE066A01021
EID Parry India Limited,EIDPARRY,INE126A01031
Enviro Infra Engineers Limited,EIEL,INE0LLY01014
Euro India Fresh Foods Limited,EIFFL,INE546V01010
EIH Associated Hotels Limited,EIHAHOTELS,INE276C01014
EIH Limited,EIHOTEL,INE230A01023
Eimco Elecon (India) Limited,EIMCOELECO,INE158B01016
Everest Kanto Cylinder Limited,EKC,INE184H01027
EKI Energy Services Limited,EKI,INE0CPR01018
Elantas Beck India Limited,ELANTAS,INE280B01018
EL CID Investments Limited,ELCIDIN,INE927X01018
Eldeco Housing And Industries Limited,ELDEHSG,INE668G01021
Elecon Engineering Company Limited,ELECON,INE205B01031
Electrosteel Castings Limited,ELECTCAST,INE086A01029
Electrotherm (India) Limited,ELECTHERM,INE822G01016
Elgi Equipments Limited,ELGIEQUIP,INE285A01027
Elgi Rubber Company Limited,ELGIRUBCO,INE819L01012
Elin Electronics Limited,ELIN,INE050401020
Elitecon International Limited,ELITECON,INE669R01026
Ellenbarrie Industrial Gases Limited,ELLEN,INE236E01022
Elpro International Limited,ELPROINTL,INE579B01039
Emami Limited,EMAMILTD,INE548C01032
Emami Paper Mills Limited,EMAMIPAP,INE830C01026
Emami Realty Limited,EMAMIREAL,INE778K01012
Embassy Developments Limited,EMBDL,INE069I01010
Emcure Pharmaceuticals Limited,EMCURE,INE168P01015
Electronics Mart India Limited,EMIL,INE02YR01019
Emkay Global Financial Services Limited,EMKAY,INE296H01011
Emmbi Industries Limited,EMMBI,INE753K01015
Emmvee Photovoltaic Power Limited,EMMVEE,INE1C6T01020
Empire Industries Limited,EMPIND,INE515H01014
Empower India Limited,EMPOWER,INE507F01023
EMS Limited,EMSLIMITED,INE0OV601013
eMudhra Limited,EMUDHRA,INE01QM01018
Endurance Technologies Limited,ENDURANCE,INE913H01037
Energy Development Company Limited,ENERGYDEV,INE306C01019
Engineers India Limited,ENGINERSIN,INE510A01028
Entertainment Network (India) Limited,ENIL,INE265F01028
Enkei Wheels (India) Limited,ENKEIWHEL,INE130L01014
Siemens Energy India Limited,ENRIN,INE1NPP01017
Entero Healthcare Solutions Limited,ENTERO,INE010601016
EPACK Durable Limited,EPACK,INE0G5901015
EPack Prefab Technologies Limited,EPACKPEB,INE0MLS01022
Epigral Limited,EPIGRAL,INE071N01016
EPL Limited,EPL,INE255A01020
Equippp Social Impact Technologies Limited,EQUIPPP,INE217G01035
Equitas Small Finance Bank Limited,EQUITASBNK,INE063P01018
Eris Lifesciences Limited,ERIS,INE406M01024
Esab India Limited,ESABINDIA,INE284A01012
ESAF Small Finance Bank Limited,ESAFSFB,INE818W01011
Escorts Kubota Limited,ESCORTS,INE042A01014
Essar Shipping Limited,ESSARSHPNG,INE122M01019
Integra Essentia Limited,ESSENTIA,INE418N01035
Ester Industries Limited,ESTER,INE778B01029
ETERNAL LIMITED,ETERNAL,INE758T01015
Ethos Limited,ETHOSLTD,INE04TZ01018
Eureka Forbes Limited,EUREKAFORB,INE0KCE01017
Euro Panel Products Limited,EUROBOND,INE505V01016
Euro Pratik Sales Limited,EUROPRATIK,INE198501012
Eurotex Industries and Exports Limited,EUROTEXIND,INE022C01012
Eveready Industries India Limited,EVEREADY,INE128A01029
Everest Industries Limited,EVERESTIND,INE295A01018
Excel Industries Limited,EXCELINDUS,INE369A01029
Excelsoft Technologies Limited,EXCELSOFT,INE606N01019
Exicom Tele-Systems Limited,EXICOM,INE777F01014
Exide Industries Limited,EXIDEIND,INE302A01020
Expleo Solutions Limited,EXPLEOSOL,INE201K01015
Exxaro Tiles Limited,EXXARO,INE0GFE01026
Fabtech Technologies Limited,FABTECH,INE0HF201011
Fertilizers and Chemicals Travancore Limited,FACT,INE188A01015
Fairchem Organics Limited,FAIRCHEMOR,INE0DNW01011
Faze Three Limited,FAZE3Q,INE963C01033
Fineotex Chemical Limited,FCL,INE045J01034
FCS Software Solutions Limited,FCSSOFT,INE512B01022
FDC Limited,FDC,INE258B01022
Fedders Holding Limited,FEDDERSHOL,INE417D01020
The Federal Bank  Limited,FEDERALBNK,INE171A01029
Fedbank Financial Services Limited,FEDFINA,INE007N01010
Future Enterprises Limited,FEL,INE623B01027
Future Enterprises Limited,FELDVR,IN9623B01058
Fermenta Biotech Limited,FERMENTA,INE225B01021
Fiberweb (India) Limited,FIBERWEB,INE296C01020
Fiem Industries Limited,FIEMIND,INE737H01014
Filatex India Limited,FILATEX,INE816B01035
Filatex Fashions Limited,FILATFASH,INE185E01021
Finolex Cables Limited,FINCABLES,INE235A01022
Fine Organic Industries Limited,FINEORG,INE686Y01026
Finkurve Financial Services Limited,FINKURVE,INE734I01027
Fino Payments Bank Limited,FINOPB,INE02NC01014
Finolex Industries Limited,FINPIPE,INE183A01024
Brainbees Solutions Limited,FIRSTCRY,INE02RE01045
Fischer Medical Ventures Limited,FISCHER,INE771F01041
Five-Star Business Finance Limited,FIVESTAR,INE128S01021
Flair Writing Industries Limited,FLAIR,INE00Y201027
Flexituff Ventures International Limited,FLEXITUFF,INE060J01017
Future Lifestyle Fashions Limited,FLFL,INE452O01016
Gujarat Fluorochemicals Limited,FLUOROCHEM,INE09N301011
Federal-Mogul Goetze (India) Limited.,FMGOETZE,INE529A01010
Future Market Networks Limited,FMNL,INE360L01017
Focus Lighting and Fixtures Limited,FOCUS,INE593W01028
Foods & Inns Limited,FOODSIN,INE976E01023
FORCE MOTORS LTD,FORCEMOT,INE451A01017
Fortis Healthcare Limited,FORTIS,INE061F01013
Foseco India Limited,FOSECOIND,INE519A01011
Fractal Analytics Limited,FRACTAL,INE212S01015
Fredun Pharmaceuticals Limited,FREDUN,INE194R01017
Frontier Springs Limited,FRONTSP,INE572D01014
Firstsource Solutions Limited,FSL,INE684F01012
Fusion Finance Limited,FUSION,INE139R01012
Gabriel India Limited,GABRIEL,INE524A01029
Gujarat Ambuja Exports Limited,GAEL,INE036B01030
GAIL (India) Limited,GAIL,INE129A01019
Gaja Alternative Asset Management Limited,GAJA,INE18UN01038
Gala Precision Engineering Limited,GALAPREC,INE0RE001014
Galaxy Surfactants Limited,GALAXYSURF,INE600K01018
Gallantt Ispat Limited,GALLANTT,INE297H01019
Gandhar Oil Refinery (India) Limited,GANDHAR,INE717W01049
Gandhi Special Tubes Limited,GANDHITUBE,INE524B01027
Ganesha Ecosphere Limited,GANECOS,INE845D01014
Ganesh Benzoplast Limited,GANESHBE,INE388A01029
Ganesh Consumer Products Limited,GANESHCP,INE652V01016
GANESH HOUSING LIMITED,GANESHHOU,INE460C01014
Ganga Forging Limited,GANGAFORGE,INE691Z01023
Ganges Securities Limited,GANGESSECU,INE335W01016
Garware Technical Fibres Limited,GARFIBRES,INE276A01018
Garuda Construction and Engineering Limited,GARUDA,INE0JVO01026
GACM Technologies Limited,GATECH,INE224E01028
GACM Technologies Limited,GATECHDVR,INE224E01036
Gateway Distriparks Limited,GATEWAY,INE079J01017
Gaudium IVF and Women Health Limited,GAUDIUMIVF,INE0P8B01020
Gayatri Highways Limited,GAYAHWS,INE287Z01012
Gayatri Projects Limited,GAYAPROJ,INE336H01023
Gretex Corporate Services Limited,GCSL,INE199P01028
GeeCee Ventures Limited,GEECEE,INE916G01016
Geekay Wires Limited,GEEKAYWIRE,INE669X01032
Gem Aromatics Limited,GEMAROMA,INE06XZ01023
Generic Engineering Construction and Projects Limited,GENCON,INE854S01022
Genesys International Corporation Limited,GENESYS,INE727B01026
Gensol Engineering Limited,GENSOL,INE06H201014
Genus Paper & Boards Limited,GENUSPAPER,INE949P01018
Genus Power Infrastructures Limited,GENUSPOWER,INE955D01029
Geojit Financial Services Limited,GEOJITFSL,INE007B01023
The Great Eastern Shipping Company Limited,GESHIP,INE017A01032
GFL Limited,GFLLIMITED,INE538A01037
GHCL Limited,GHCL,INE539A01019
GHCL Textiles Limited,GHCLTEXTIL,INE0PA801013
GIC Housing Finance Limited,GICHSGFIN,INE289B01019
Globe International Carriers Limited,GICL,INE947T01022
General Insurance Corporation of India,GICRE,INE481Y01014
Gillanders Arbuthnot & Company Limited,GILLANDERS,INE047B01011
Gillette India Limited,GILLETTE,INE322A01010
Ginni Filaments Limited,GINNIFILA,INE424C01010
Gujarat Industries Power Company Limited,GIPCL,INE162A01010
GKB Ophthalmics Limited,GKB,INE265D01015
GK Energy Limited,GKENERGY,INE1AG301022
Gujarat Kidney And Super Speciality Limited,GKSL,INE0V0W01025
GKW Limited,GKWLIMITED,INE528A01020
Gland Pharma Limited,GLAND,INE068V01023
GlaxoSmithKline Pharmaceuticals Limited,GLAXO,INE159A01016
Glenmark Pharmaceuticals Limited,GLENMARK,INE935A01035
Gujarat Lease Financing Limited,GLFL,INE540A01017
Global Education Limited,GLOBAL,INE291W01037
Globale Tessile Limited,GLOBALE,INE0URU01010
Global Vectra Helicorp Limited,GLOBALVECT,INE792H01019
GLOBE ENTERPRISES (INDIA) LIMITED,GLOBE,INE581X01021
Globe Civil Projects Limited,GLOBECIVIL,INE0V3U01015
Globus Spirits Limited,GLOBUSSPR,INE615I01010
Gloster Limited,GLOSTERLTD,INE350Z01018
Glottis Limited,GLOTTIS,INE0TQE01026
GM Breweries Limited,GMBREW,INE075D01018
Gujarat Mineral Development Corporation Limited,GMDCLTD,INE131A01031
GMM Pfaudler Limited,GMMPFAUDLR,INE541A01023
GMR AIRPORTS LIMITED,GMRAIRPORT,INE776C01039
GMR Power and Urban Infra Limited,GMRP&UI,INE0CU601026
GNA Axles Limited,GNA,INE934S01014
Gujarat Narmada Valley Fertilizers and Chemicals Limited,GNFC,INE113A01013
Gujarat Natural Resources Limited,GNRL,INE207H01018
Goa Carbon Limited,GOACARBON,INE426D01013
GOCL Corporation Limited,GOCLCORP,INE077F01035
Go Fashion (India) Limited,GOCOLORS,INE0BJS01011
Godavari Biorefineries Limited,GODAVARIB,INE497S01012
Godfrey Phillips India Limited,GODFRYPHLP,INE260B01028
Go Digit General Insurance Limited,GODIGIT,INE03JT01014
Godrej Agrovet Limited,GODREJAGRO,INE850D01014
Godrej Consumer Products Limited,GODREJCP,INE102D01028
Godrej Industries Limited,GODREJIND,INE233A01035
Godrej Properties Limited,GODREJPROP,INE484J01027
Gokaldas Exports Limited,GOKEX,INE887G01027
Gokul Refoils and Solvent Limited,GOKUL,INE020J01029
Gokul Agro Resources Limited,GOKULAGRO,INE314T01033
Golden Tobacco Limited,GOLDENTOBC,INE973A01010
Goldiam International Limited,GOLDIAM,INE025B01025
AION-TECH SOLUTIONS LIMITED,GOLDTECH,INE805A01014
Goodluck India Limited,GOODLUCK,INE127I01024
Goodyear India Limited,GOODYEAR,INE533A01012
Gopal Snacks Limited,GOPAL,INE0L9R01028
Goyal Aluminiums Limited,GOYALALUM,INE705X01026
Godawari Power And Ispat limited,GPIL,INE177H01039
Gujarat Pipavav Port Limited,GPPL,INE517F01014
GPT Healthcare Limited,GPTHEALTH,INE486R01017
GPT Infraprojects Limited,GPTINFRA,INE390G01014
Gradiente Infotainment Limited,GRADIENTE,INE361K01017
Grand Oak Canyons Distillery Limited,GRANDOAK,INE926B01016
Granules India Limited,GRANULES,INE101D01020
Graphite India Limited,GRAPHITE,INE371A01025
Grasim Industries Limited,GRASIM,INE047A01021
Grauer & Weil India Limited,GRAUWEIL,INE266D01021
Graviss Hospitality Limited,GRAVISSHO,INE214F01026
Gravita India Limited,GRAVITA,INE024L01027
Greaves Cotton Limited,GREAVESCOT,INE224A01026
Greenlam Industries Limited,GREENLAM,INE544R01021
Greenpanel Industries Limited,GREENPANEL,INE08ZM01014
Greenply Industries Limited,GREENPLY,INE461C01038
Orient Green Power Company Limited,GREENPOWER,INE999K01014
Grindwell Norton Limited,GRINDWELL,INE536A01023
G R Infraprojects Limited,GRINFRA,INE201P01022
GRM Overseas Limited,GRMOVER,INE192H01020
The Grob Tea Company Limited,GROBTEA,INE646C01018
Billionbrains Garage Ventures Limited,GROWW,INE0HOQ01053
GRP Limited,GRPLTD,INE137I01015
Garden Reach Shipbuilders & Engineers Limited,GRSE,INE382Z01011
Garware Hi-Tech Films Limited,GRWRHITECH,INE291A01017
Gujarat State Fertilizers & Chemicals Limited,GSFC,INE026A01025
Global Surfaces Limited,GSLSU,INE0JSX01015
GSP Crop Science Limited,GSPCROP,INE713R01022
GSS Infotech Limited,GSS,INE871H01011
G-TEC JAINX EDUCATION LIMITED,GTECJAINX,INE586X01012
GTL Limited,GTL,INE043A01012
GTL Infrastructure Limited,GTLINFRA,INE221H01019
GTPL Hathway Limited,GTPL,INE869I01013
Gufic Biosciences Limited,GUFICBIO,INE742B01025
Gujarat Alkalies and Chemicals Limited,GUJALKALI,INE186A01019
Gujarat Apollo Industries Limited,GUJAPOLLO,INE826C01016
GUJARAT ENERGY LIMITED,GUJENERGY,INE844O01030
Gujarat Raffia Industries Limited,GUJRAFFIA,INE610B01024
Gujarat Themis Biosyn Limited,GUJTHEM,INE942C01045
Gulf Oil Lubricants India Limited,GULFOILLUB,INE635Q01029
GP Petroleums Limited,GULFPETRO,INE586G01017
Gulshan Polyols Limited,GULPOLY,INE255D01024
GVK Power & Infrastructure Limited,GVKPIL,INE251H01024
GE Power India Limited,GVPIL,INE878A01011
GVP Infotech Limited,GVPTECH,INE382T01030
GE Vernova T&D India Limited,GVT&D,INE200A01026
Gyftr Limited,GYFTR,INE724A01017
Hindustan Aeronautics Limited,HAL,INE066F01020
Halder Venture Limited,HALDER,INE115S01010
Haldyn Glass Limited,HALDYNGL,INE506D01020
HALEOS LABS LIMITED,HALEOSLABS,INE320X01016
Hampton Sky Realty Limited,HAMPTON,INE299D01022
Happiest Minds Technologies Limited,HAPPSTMNDS,INE419U01012
Happy Forgings Limited,HAPPYFORGE,INE330T01021
Hardwyn India Limited,HARDWYN,INE626Z01029
Hariom Pipe Industries Limited,HARIOMPIPE,INE00EV01017
Harrisons  Malayalam Limited,HARRMALAYA,INE544A01019
Harsha Engineers International Limited,HARSHA,INE0JUS01029
Hathway Cable & Datacom Limited,HATHWAY,INE982F01036
Hatsun Agro Product Limited,HATSUN,INE473B01035
Havells India Limited,HAVELLS,INE176B01034
Sri Havisha Hospitality and Infrastructure Limited,HAVISHA,INE293B01029
Hawkins Cookers Limited,HAWKINCOOK,INE979B01015
Hazoor Multi Projects Limited,HAZOOR,INE550F01049
HB Estate Developers Limited,HBESD,INE640B01021
HBL Engineering Limited,HBLENGINE,INE292B01021
HB Portfolio Limited,HBPOR,INE638B01025
HB Stockholdings Limited,HBSL,INE550B01022
Hindustan Construction Company Limited,HCC,INE549A01026
Healthcare Global Enterprises Limited,HCG,INE075I01017
HCL Infosystems Limited,HCL-INSYS,INE236A01020
HCL Technologies Limited,HCLTECH,INE860A01027
HDB Financial Services Limited,HDBFS,INE756I01012
HDFC Asset Management Company Limited,HDFCAMC,INE127D01025
HDFC Bank Limited,HDFCBANK,INE040A01034
HDFC Life Insurance Company Limited,HDFCLIFE,INE795G01014
Housing Development and Infrastructure Limited,HDIL,INE191I01012
Heads UP Ventures Limited,HEADSUP,INE759V01019
Health X Platform Limited,HEALTHX,INE019J01013
HEC Infra Projects Limited,HECPROJECT,INE558R01013
HEG Limited,HEG,INE545A01024
HeidelbergCement India Limited,HEIDELBERG,INE578A01017
Hemisphere Properties India Limited,HEMIPROP,INE0AJG01018
Heranba Industries Limited,HERANBA,INE694N01015
Heritage Foods Limited,HERITGFOOD,INE978A01027
Hero MotoCorp Limited,HEROMOTOCO,INE158A01026
Hester Biosciences Limited,HESTERBIO,INE782E01017
Hexagon Nutrition Limited,HEXAGON,INE0JUI01012
Hexa Tradex Limited,HEXATRADEX,INE750M01017
Hexaware Technologies Limited,HEXT,INE093A01041
HFCL Limited,HFCL,INE548A01028
H.G. Infra Engineering Limited,HGINFRA,INE926X01010
HandsOn Global Management (HGM) Limited,HGM,INE596H01014
Hinduja Global Solutions Limited,HGS,INE170I01016
Hikal Limited,HIKAL,INE475B01022
Highway Infrastructure Limited,HILINFRA,INE00RL01028
Hilton Metal Forging Limited,HILTON,INE788H01017
Himatsingka Seide Limited,HIMATSEIDE,INE049A01027
Hindustan Adhesives Limited,HINDADH,INE074C01013
Hindalco Industries Limited,HINDALCO,INE038A01020
Hind Aluminium Industries Limited,HINDALUMI,INE227B01019
Hindustan Composites Limited,HINDCOMPOS,INE310C01029
Hindcon Chemicals Limited,HINDCON,INE642Y01029
Hindustan Copper Limited,HINDCOPPER,INE531E01026
Hindustan Oil Exploration Company Limited,HINDOILEXP,INE345A01011
Hindustan Petroleum Corporation Limited,HINDPETRO,INE094A01015
Hindustan Unilever Limited,HINDUNILVR,INE030A01027
Hindware Home Innovation Limited,HINDWAREAP,INE05AN01011
Hindustan Zinc Limited,HINDZINC,INE267A01025
Hirect Limited,HIRECT,INE835D01023
Hisar Metal Industries Limited,HISARMETAL,INE598C01011
Hi-Tech Pipes Limited,HITECH,INE106T01025
Hitech Corporation Limited,HITECHCORP,INE120D01012
The Hi-Tech Gears Limited,HITECHGEAR,INE127B01011
HLE Glascoat Limited,HLEGLAS,INE461D01028
HLV LIMITED,HLVLTD,INE102A01024
HMA Agro Industries Limited,HMAAGRO,INE0ECP01024
HMT Limited,HMT,INE262A01018
Hindustan Media Ventures Limited,HMVL,INE871K01015
Hindustan Foods Limited,HNDFDS,INE254N01026
Home First Finance Company India Limited,HOMEFIRST,INE481N01025
Honasa Consumer Limited,HONASA,INE0J5401028
Honeywell Automation India Limited,HONAUT,INE671A01010
Honda India Power Products Limited,HONDAPOWER,INE634A01018
Horizon Industrial Parks Limited,HORIZONIND,INE685T01010
HP Adhesives Limited,HPAL,INE0GSL01024
Hindprakash Industries Limited,HPIL,INE05X901010
HPL Electric & Power Limited,HPL,INE495S01016
Hariyana Ship Breakers Limited,HRYNSHP,INE400G01011
Himadri Speciality Chemical Limited,HSCL,INE019C01026
Hy-Tech Engineers Limited,HTEL,INE0LEG01024
HT Media Limited,HTMEDIA,INE501G01024
Hubtown Limited,HUBTOWN,INE703H01016
Housing & Urban Development Corporation Limited,HUDCO,INE031A01017
Huhtamaki India Limited,HUHTAMAKI,INE275B01026
Hybrid Financial Services Limited,HYBRIDFIN,INE965B01022
Hyundai Motor India Limited,HYUNDAI,INE0V6F01027
Indiabulls Limited,IBULLSLTD,INE126M01010
ICDS Limited,ICDSLTD,INE613B01010
Ice Make Refrigeration Limited,ICEMAKE,INE520Y01019
ICICI Prudential Asset Management Company Limited,ICICIAMC,INE346A01027
ICICI Bank Limited,ICICIBANK,INE090A01021
ICICI Lombard General Insurance Company Limited,ICICIGI,INE765G01017
ICICI Prudential Life Insurance Company Limited,ICICIPRULI,INE726G01019
Indo Count Industries Limited,ICIL,INE483B01026
ICRA Limited,ICRA,INE725G01011
IDBI Bank Limited,IDBI,INE008A01015
Vodafone Idea Limited,IDEA,INE669E01016
Ideaforge Technology Limited,IDEAFORGE,INE349Y01013
IDFC First Bank Limited,IDFCFIRSTB,INE092T01019
Indian Energy Exchange Limited,IEX,INE022Q01020
IFB Agro Industries Limited,IFBAGRO,INE076C01018
IFB Industries Limited,IFBIND,INE559A01017
IFCI Limited,IFCI,INE039A01010
IFGL Refractories Limited,IFGLEXPOR,INE133Y01011
Igarashi Motors India Limited,IGARASHI,INE188B01013
Indogulf Cropsciences Limited,IGCL,INE05J901018
International Gemological Institute Limited,IGIL,INE0Q9301021
Indraprastha Gas Limited,IGL,INE203G01027
IG Petrochemicals Limited,IGPL,INE204A01010
IIFL Finance Limited,IIFL,INE530B01024
IIFL Capital Services Limited,IIFLCAPS,INE489L01022
Industrial Investment Trust Limited,IITL,INE886A01014
IKIO Technologies Limited,IKIO,INE0LOJ01019
Inventurus Knowledge Solutions Limited,IKS,INE115Q01022
IL&FS Engineering and Construction Company Limited,IL&FSENGG,INE369I01014
IL&FS Transportation Networks Limited,IL&FSTRANS,INE975G01012
Imagicaaworld Entertainment Limited,IMAGICAA,INE172N01012
Indian Metals & Ferro Alloys Limited,IMFA,INE919H01018
India Motor Parts and Accessories Limited,IMPAL,INE547E01014
Impex Ferro Tech Limited,IMPEXFERRO,INE691G01015
Insolation Energy Limited,INA,INE0LGX01024
INCREDIBLE INDUSTRIES LIMITED,INCREDIBLE,INE452L01012
Indbank Merchant Banking Services Limited,INDBANK,INE841B01017
Indegene Limited,INDGN,INE065X01017
The Indian Hotels Company Limited,INDHOTEL,INE053A01029
The India Cements Limited,INDIACEM,INE383A01012
India Glycols Limited,INDIAGLYCO,INE560A01023
Indiamart Intermesh Limited,INDIAMART,INE933S01016
Indian Bank,INDIANB,INE562A01011
Indian Card Clothing Company Limited,INDIANCARD,INE061A01014
Indian Hume Pipe Company Limited,INDIANHUME,INE323C01030
India Shelter Finance Corporation Limited,INDIASHLTR,INE922K01024
InterGlobe Aviation Limited,INDIGO,INE646L01027
Indigo Paints Limited,INDIGOPNTS,INE09VQ01012
Indiqube Spaces Limited,INDIQUBE,INE06ST01018
India Nippon Electricals Limited,INDNIPPON,INE092B01025
Indo Amines Limited,INDOAMIN,INE760F01028
Indo Borax & Chemicals Limited,INDOBORAX,INE803D01021
Indoco Remedies Limited,INDOCO,INE873D01024
Indo Farm Equipment Limited,INDOFARM,INE622H01018
Indokem Limited,INDOKEM,INE716F01012
INDO-MIM Limited,INDOMIM,INE084101034
Indo Rama Synthetics (India) Limited,INDORAMA,INE156A01020
IndoStar Capital Finance Limited,INDOSTAR,INE896L01010
Indo Tech Transformers Limited,INDOTECH,INE332H01014
Indo Thai Securities Limited,INDOTHAI,INE337M01021
Indo Us Biotech Limited,INDOUS,INE250Z01010
Indowind Energy Limited,INDOWIND,INE227G01018
Industrial & Prudential Investment Company Limited,INDPRUD,INE620D01011
Indraprastha Medical Corporation Limited,INDRAMEDCO,INE681B01017
Ind-Swift Laboratories Limited,INDSWFTLAB,INE915B01019
Indian Terrain Fashions Limited,INDTERRAIN,INE611L01021
IndusInd Bank Limited,INDUSINDBK,INE095A01012
Indus Towers Limited,INDUSTOWER,INE121J01017
InfoBeans Technologies Limited,INFOBEAN,INE344S01016
Infomedia Press Limited,INFOMEDIA,INE669A01022
Infosys Limited,INFY,INE009A01021
Ingersoll Rand (India) Limited,INGERRAND,INE177A01018
Innova Captab Limited,INNOVACAP,INE0DUT01020
Innovana Thinklabs Limited,INNOVANA,INE403Y01018
Innovision Limited,INNOVISION,INE0ADB01012
Inox Green Energy Services Limited,INOXGREEN,INE510W01014
INOX India Limited,INOXINDIA,INE616N01034
Inox Wind Limited,INOXWIND,INE066P01011
Insecticides (India) Limited,INSECTICID,INE070I01018
Inspirisys Solutions Limited,INSPIRISYS,INE020G01017
Intellect Design Arena Limited,INTELLECT,INE306R01017
Intense Technologies Limited,INTENTECH,INE781A01025
Interarch Building Solutions Limited,INTERARCH,INE00M901018
International Conveyors Limited,INTLCONV,INE575C01027
Inventure Growth & Securities Limited,INVENTURE,INE878H01024
Investment & Precision Castings Limited,INVPRECQ,INE155E01016
Indian Overseas Bank,IOB,INE565A01014
Indian Oil Corporation Limited,IOC,INE242A01010
IOL Chemicals and Pharmaceuticals Limited,IOLCP,INE485C01029
ION Exchange (India) Limited,IONEXCHANG,INE570A01022
IPCA Laboratories Limited,IPCALAB,INE571A01038
India Pesticides Limited,IPL,INE0D6701023
IP Rings Limited,IPRINGLTD,INE558A01019
IRB Infrastructure Developers Limited,IRB,INE821I01022
Ircon International Limited,IRCON,INE962Y01021
Indian Railway Catering And Tourism Corporation Limited,IRCTC,INE335Y01020
Indian Renewable Energy Development Agency Limited,IREDA,INE202E01016
Indian Railway Finance Corporation Limited,IRFC,INE053F01010
IRIS RegTech Solutions Limited,IRIS,INE864K01010
Iris Clothings Limited,IRISDOREME,INE01GN01025
IRM Energy Limited,IRMENERGY,INE07U701015
Intrasoft Technologies Limited,ISFT,INE566K01011
Isgec Heavy Engineering Limited,ISGEC,INE858B01029
Ishan Dyes and Chemicals Limited,ISHANCH,INE561M01018
I S T Limited,ISTLTD,INE684B01029
ITC Limited,ITC,INE154A01025
ITC Hotels Limited,ITCHOTELS,INE379A01028
India Tourism Development Corporation Limited,ITDC,INE353K01014
ITI Limited,ITI,INE248A01017
ITL Industries Limited,ITL,INE478D01014
Ivalue Infosolutions Limited,IVALUE,INE056801025
IL&FS Investment Managers Limited,IVC,INE050B01023
IVP Limited,IVP,INE043C01018
The Indian Wood Products Company Limited,IWP,INE586E01020
Le Travenues Technology Limited,IXIGO,INE0HV901016
IZMO Limited,IZMO,INE848A01014
The Jammu & Kashmir Bank Limited,J&KBANK,INE168A01041
Jagran Prakashan Limited,JAGRAN,INE199G01027
Jagsonpal Pharmaceuticals Limited,JAGSNPHARM,INE048B01035
Jai Balaji Industries Limited,JAIBALAJI,INE091G01026
Jai Corp Limited,JAICORPLTD,INE070D01027
Jain Resource Recycling Limited,JAINREC,INE0YD401026
Nandani Creation Limited,JAIPURKURT,INE696V01013
Jamna Auto Industries Limited,JAMNAAUTO,INE039C01032
Jaro Institute of Technology Management and Research Limited,JARO,INE00YJ01010
Jash Engineering Limited,JASH,INE039O01029
Jayant Agro Organics Limited,JAYAGROGN,INE785A01026
Jay Bharat Maruti Limited,JAYBARMARU,INE571B01036
Jaykay Enterprises Limited,JAYKAY,INE903A01025
Jayaswal Neco Industries Limited,JAYNECOIND,INE854B01010
Jayshree Tea & Industries Limited,JAYSREETEA,INE364A01020
JBM Auto Limited,JBMA,INE927D01051
Jenburkt Pharmaceuticals Limited,JENBURPH,INE354A01013
Jet Freight Logistics Limited,JETFREIGHT,INE982V01025
J.G.Chemicals Limited,JGCHEM,INE0MB501011
JHS Svendgaard Laboratories Limited,JHS,INE544H01014
Jindal Photo Limited,JINDALPHOT,INE796G01012
Jindal Poly Films Limited,JINDALPOLY,INE197D01010
Jindal Saw Limited,JINDALSAW,INE324A01032
JINDAL STEEL LIMITED,JINDALSTEL,INE749A01030
Jindal Drilling And Industries Limited,JINDRILL,INE742C01031
Jindal Worldwide Limited,JINDWORLD,INE247D01039
Jio Financial Services Limited,JIOFIN,INE758E01017
Jain Irrigation Systems Limited,JISLDVREQS,IN9175A01010
Jain Irrigation Systems Limited,JISLJALEQS,INE175A01038
JITF Infralogistics Limited,JITFINFRA,INE863T01013
JK Cement Limited,JKCEMENT,INE823G01014
J.Kumar Infraprojects Limited,JKIL,INE576I01022
Jinkushal Industries Limited,JKIPL,INE1FF001016
JK Lakshmi Cement Limited,JKLAKSHMI,INE786A01032
JK Paper Limited,JKPAPER,INE789E01012
JK Tyre & Industries Limited,JKTYRE,INE573A01042
Jupiter Life Line Hospitals Limited,JLHL,INE682M01020
Jullundur Motor Agency (Delhi) Limited,JMA,INE412C01023
JM Financial Limited,JMFINANCIL,INE780C01023
JNK India Limited,JNKINDIA,INE0OAF01028
Juniper Green Energy Limited,JNPR,INE05C901015
Jocil Limited,JOCIL,INE839G01010
Jindal Poly Investment and Finance Company Limited,JPOLYINVST,INE147P01019
Jaiprakash Power Ventures Limited,JPPOWER,INE351F01018
Jana Small Finance Bank Limited,JSFB,INE953L01027
Jindal Stainless Limited,JSL,INE220G01021
Jeena Sikho Lifecare Limited,JSLL,INE0J5801029
JSW Cement Limited,JSWCEMENT,INE718I01012
JSW Dulux Limited,JSWDULUX,INE133A01011
JSW Energy Limited,JSWENERGY,INE121E01018
JSW Holdings Limited,JSWHL,INE824G01012
JSW Infrastructure Limited,JSWINFRA,INE880J01026
JSW Steel Limited,JSWSTEEL,INE019A01038
Jtekt India Limited,JTEKTINDIA,INE643A01035
JTL INDUSTRIES LIMITED,JTLIND,INE391J01032
Jubilant Agri and Consumer Products Limited,JUBLCPL,INE03CC01015
Jubilant Foodworks Limited,JUBLFOOD,INE797F01020
Jubilant Ingrevia Limited,JUBLINGREA,INE0BY001018
Jubilant Pharmova Limited,JUBLPHARMA,INE700A01033
Juniper Hotels Limited,JUNIPER,INE696F01016
Just Dial Limited,JUSTDIAL,INE599M01018
Jupiter Wagons Limited,JWL,INE209L01016
Jyothy Labs Limited,JYOTHYLAB,INE668F01031
Jyoti CNC Automation Limited,JYOTICNC,INE980O01024
Jyoti Resins & Adhesives Limited,JYOTIRES,INE577D01013
Jyoti Structures Limited,JYOTISTRUC,INE197A01024
Kabra Extrusion Technik Limited,KABRAEXTRU,INE900B01029
Kajaria Ceramics Limited,KAJARIACER,INE217B01036
Kakatiya Cement Sugar & Industries Limited,KAKATCEM,INE437B01014
Sai Silks (Kalamandir) Limited,KALAMANDIR,INE438K01021
Kalpataru Limited,KALPATARU,INE227J01012
Kalyani Commercials Limited,KALYANI,INE610E01010
Kalyani Forge Limited,KALYANIFRG,INE314G01014
Kalyan Jewellers India Limited,KALYANKJIL,INE303R01014
Kama Holdings Limited,KAMAHOLD,INE411F01010
Kamanwala Housing Construction Limited,KAMANWALA,INE344D01018
Kamat Hotels (I) Limited,KAMATHOTEL,INE967C01018
Kamdhenu Limited,KAMDHENU,INE390H01020
Kamdhenu Ventures Limited,KAMOPAINTS,INE0BTI01037
Kanani Industries Limited,KANANIIND,INE879E01037
Kanchi Karpooram Limited,KANCHI,INE081G01019
Kanco Tea & Industries Limited,KANCOTEA,INE398L01017
Kanoria Chemicals & Industries Limited,KANORICHEM,INE138C01024
Kanpur Plastipack Limited,KANPRPLA,INE694E01014
Kansai Nerolac Paints Limited,KANSAINER,INE531A01024
Kapston Services Limited,KAPSTON,INE542Z01028
Karma Energy Limited,KARMAENG,INE725L01011
Karur Vysya Bank Limited,KARURVYSYA,INE036D01028
Kaushalya Infrastructure Development Corporation Limited,KAUSHALYA,INE234I01028
Kavveri Defence & Wireless Technologies Limited,KAVDEFENCE,INE641C01019
Kaya Limited,KAYA,INE587G01015
Kaynes Technology India Limited,KAYNES,INE918Z01012
KCP Limited,KCP,INE805C01028
KCP Sugar and Industries Corporation Limited,KCPSUGIND,INE790B01024
KDDL Limited,KDDL,INE291D01011
KEC International Limited,KEC,INE389H01022
Kirloskar Electric Company Limited,KECL,INE134B01017
DSJ Keep Learning Limited,KEEPLEARN,INE055C01020
KEI Industries Limited,KEI,INE878B01027
Kellton Tech Solutions Limited,KELLTONTEC,INE164B01030
Kennametal India Limited,KENNAMET,INE717A01029
Kernex Microsystems (India) Limited,KERNEX,INE202H01019
Kesoram Industries Limited,KESORAMIND,INE087A01019
Keynote Financial Services Limited,KEYFINSERV,INE681C01015
Kfin Technologies Limited,KFINTECH,INE138Y01010
Khadim India Limited,KHADIM,INE834I01025
Khaitan Chemicals & Fertilizers Limited,KHAICHEM,INE745B01028
Khaitan (India) Limited,KHAITANLTD,INE731C01018
Khandwala Securities Limited,KHANDSE,INE060B01014
Kalyani Investment Company Limited,KICL,INE029L01018
Kilitch Drugs (India) Limited,KILITCH,INE729D01010
Krishna Institute of Medical Sciences Limited,KIMS,INE967H01025
Kingfa Science & Technology (India) Limited,KINGFA,INE473D01015
KIOCL Limited,KIOCL,INE880L01014
Kiran Vyapar Limited,KIRANVYPAR,INE555P01013
Kiri Industries Limited,KIRIINDUS,INE415I01015
Kirloskar Ferrous Industries Limited,KIRLFER,INE884B01025
Kirloskar Brothers Limited,KIRLOSBROS,INE732A01036
Kirloskar Oil Engines Limited,KIRLOSENG,INE146L01010
Kirloskar Industries Limited,KIRLOSIND,INE250A01039
Kirloskar Pneumatic Company Limited,KIRLPNU,INE811A01038
OnEMI Technology Solutions Limited,KISSHT,INE12F801023
Kitex Garments Limited,KITEX,INE602G01020
KJMC Financial Services Limited,KJMCFIN,INE533C01018
Kewal Kiran Clothing Limited,KKCL,INE401H01017
Kilburn Engineering Limited,KLBRENG-B,INE338F01015
K M C Speciality Hospitals (India) Limited,KMCSHIL,INE879K01018
Knowledge Marine & Engineering Works Limited,KMEW,INE0CJD01029
K.M.Sugar Mills Limited,KMSUGAR,INE157H01023
Knack Packaging Limited,KNACK,INE17QZ01016
KN Agri Resources Limited,KNAGRI,INE0KNW01016
KNR Constructions Limited,KNRCON,INE634I01029
Kohinoor Foods Limited,KOHINOOR,INE080B01012
Kokuyo Camlin Limited,KOKUYOCMLN,INE760A01029
Kolte - Patil Developers Limited,KOLTEPATIL,INE094I01018
Kopran Limited,KOPRAN,INE082A01010
Kotak Mahindra Bank Limited,KOTAKBANK,INE237A01036
Kothari Sugars And Chemicals Limited,KOTARISUG,INE419A01022
Kothari Petrochemicals Limited,KOTHARIPET,INE720A01015
Kothari Products Limited,KOTHARIPRO,INE823A01017
Kothari Industrial Corporation Limited,KOTIC,INE972A01020
Kotyark Industries Limited,KOTYARK,INE0J0B01017
Kovai Medical Center & Hospital Limited,KOVAI,INE177F01017
K.P. Energy Limited,KPEL,INE127T01021
KPI Green Energy Limited,KPIGREEN,INE542W01025
Kalpataru Projects International Limited,KPIL,INE220B01022
KPIT Technologies Limited,KPITTECH,INE04I401011
Kwality Pharmaceuticals Limited,KPL,INE552U01010
K.P.R. Mill Limited,KPRMILL,INE930H01031
KRBL Limited,KRBL,INE001B01026
Krebs Biochemicals and Industries Limited,KREBSBIO,INE268B01013
Kridhan Infra Limited,KRIDHANINF,INE524L01026
Krishana Phoschem Limited,KRISHANA,INE506W01020
Krishival Foods Limited,KRISHIVAL,INE0GGO01015
Krishna Defence And Allied Industries Limited,KRISHNADEF,INE0J5601015
Kriti Industries (India) Limited,KRITI,INE479D01038
Kritika Wires Limited,KRITIKA,INE00Z501029
Kriti Nutrients Limited,KRITINUT,INE798K01010
KRN Heat Exchanger and Refrigeration Limited,KRN,INE0Q3J01015
Kronox Lab Sciences Limited,KRONOX,INE0ATZ01017
Kross Limited,KROSS,INE0O6601022
Krsnaa Diagnostics Limited,KRSNAA,INE08LI01020
Krystal Integrated Services Limited,KRYSTAL,INE0QN801017
Ksb Limited,KSB,INE999A01023
Kaveri Seed Company Limited,KSCL,INE455I01029
KSE Limited,KSE,INE953E01022
KSH International Limited,KSHINTL,INE987S01020
Kshitij Polyline Ltd-RE,KSHITIJ-RE,INE013820027
Kshitij Polyline Limited,KSHITIJPOL,INE013801027
Kalyani Steels Limited,KSL,INE907A01026
Ksolves India Limited,KSOLVES,INE0D6I01023
KSR Footwear Limited,KSR,INE1SPP01016
The Karnataka Bank Limited,KTKBANK,INE614B01018
Kuantum Papers Limited,KUANTUM,INE529I01021
Kusumgar Limited,KUSUMGAR,INE0ISX01025
Kwality Wall's (India) Limited,KWIL,INE2KCE01013
Ladderup Finance Limited,LADDERUP,INE519D01015
Lagnam Spintex Limited,LAGNAM,INE548Z01017
Lahoti Overseas Limited,LAHOTIOV,INE515C01023
Lakshmi Precision Screws Limited,LAKPRE,INE651C01018
Lakshmi Mills Company Limited,LAKSHMIMIL,INE938C01019
Lorenzini Apparels Limited,LAL,INE740X01023
Lalithaa Jewellery Mart Limited,LALITHAA,INE0K9O01026
Dr. Lal Path Labs Ltd.,LALPATHLAB,INE600L01024
Lambodhara Textiles Limited,LAMBODHARA,INE112F01022
Lancer Container Lines Limited,LANCER,INE359U01028
Lancor Holdings Limited,LANCORHOL,INE572G01025
Landmark Cars Limited,LANDMARK,INE559R01029
Landsmill Green Limited,LANDSMILL,INE688J01023
La Opala RG Limited,LAOPALA,INE059D01020
Lasa Supergenerics Limited,LASA,INE670X01014
Laser Power & Infra Limited,LASERPOWER,INE17IR01028
Latent View Analytics Limited,LATENTVIEW,INE0I7C01011
Latteys Industries Limited,LATTEYS,INE262Z01023
Laurus Labs Limited,LAURUSLABS,INE947Q01028
Laxmi Cotspin Limited,LAXMICOT,INE801V01019
Laxmi Dental Limited,LAXMIDENTL,INE0WO601020
Laxmi India Finance Limited,LAXMIINDIA,INE06WU01026
LCC Infotech Limited,LCCINFOTEC,INE938A01021
Lohia Corp Limited,LCL,INE0QJW01029
LEAP India Limited,LEAPIND,INE00GO01025
Lee & Nee Softwares Exports Limited,LEENEE,INE791B01014
Le Merite Exports Limited,LEMERITE,INE0G1L01025
Lemon Tree Hotels Limited,LEMONTREE,INE970X01018
Lenskart Solutions Limited,LENSKART,INE956O01016
Lexus Granito (India) Limited,LEXUS,INE500X01013
Lakshmi Finance & Industrial Corporation Limited,LFIC,INE850E01012
LG Balakrishnan & Bros Limited,LGBBROSLTD,INE337A01034
LG Electronics India Limited,LGEINDIA,INE324D01010
Laxmi Goldorna House Limited,LGHL,INE258Y01016
Libas Consumer Products Limited,LIBAS,INE908V01012
Liberty Shoes Limited,LIBERTSHOE,INE557B01019
LIC Housing Finance Limited,LICHSGFIN,INE115A01026
Life Insurance Corporation Of India,LICI,INE0J1Y01017
Likhitha Infrastructure Limited,LIKHITHA,INE060901027
Linc Limited,LINC,INE802B01027
Lincoln Pharmaceuticals Limited,LINCOLN,INE405C01035
Linde India Limited,LINDEINDIA,INE473A01011
LKP Securities Limited,LKPSEC,INE341H01023
LLOYDS ENGINEERING WORKS LIMITED,LLOYDSENGG,INE093R01011
Lloyds Enterprises Limited,LLOYDSENT,INE080I01025
Lloyds Metals And Energy Limited,LLOYDSME,INE281B01032
LMW Limited,LMW,INE269B01029
Lodha Developers Limited,LODHA,INE670K01029
Lokesh Machines Limited,LOKESHMACH,INE397H01017
Lords Chloro Alkali Limited,LORDSCHLO,INE846D01012
Lotus Chocolate Company Limited,LOTUSCHO,INE026D01011
Sri Lotus Developers and Realty Limited,LOTUSDEV,INE0V9Q01010
Lotus Eye Hospital and Institute Limited,LOTUSEYE,INE947I01017
Lovable Lingerie Limited,LOVABLE,INE597L01014
Loyal Textile Mills Limited,LOYALTEX,INE970D01010
Landmark Property Development Company Limited,LPDC,INE197J01017
Larsen & Toubro Limited,LT,INE018A01030
L&T Finance Limited,LTF,INE498L01015
LT Foods Limited,LTFOODS,INE818H01020
LTM Limited,LTM,INE214T01019
L&T Technology Services Limited,LTTS,INE010V01017
Lumax Industries Limited,LUMAXIND,INE162B01018
Lumax Auto Technologies Limited,LUMAXTECH,INE872H01027
Lupin Limited,LUPIN,INE326A01037
Lux Industries Limited,LUXIND,INE150G01020
Laxmi Organic Industries Limited,LXCHEM,INE576O01020
Lyka Labs Limited,LYKALABS,INE933A01014
Mahindra & Mahindra Limited,M&M,INE101A01026
Mahindra & Mahindra Financial Services Limited,M&MFIN,INE774D01024
Maan Aluminium Limited,MAANALU,INE215I01027
Macpower CNC Machines Limited,MACPOWER,INE155Z01011
Madhav Marbles and Granites Limited,MADHAV,INE925C01016
Madhav Infra Projects Limited,MADHAVIPL,INE631R01026
Madhucon Projects Limited,MADHUCON,INE378D01032
Madras Fertilizers Limited,MADRASFERT,INE414A01015
Mafatlal Industries Limited,MAFATIND,INE270B01035
Magadh Sugar & Energy Limited,MAGADSUGAR,INE347W01011
Magnum Ventures Limited,MAGNUM,INE387I01016
Bank of Maharashtra,MAHABANK,INE457A01014
Maha Rashtra Apex Corporation Limited,MAHAPEXLTD,INE843B01013
Mahamaya Steel Industries Limited,MAHASTEEL,INE451L01014
Mahindra EPC Irrigation Limited,MAHEPC,INE215D01010
Maheshwari Logistics Limited,MAHESHWARI,INE263W01010
Mahindra Lifespace Developers Limited,MAHLIFE,INE813A01018
Mahindra Logistics Limited,MAHLOG,INE766P01016
Maharashtra Scooters Limited,MAHSCOOTER,INE288A01013
Maharashtra Seamless Limited,MAHSEAMLES,INE271B01025
Maithan Alloys Limited,MAITHANALL,INE683C01011
Majestic Auto Limited,MAJESAUT,INE201B01022
Makers Laboratories Limited,MAKERSL,INE987A01010
Mallcom (India) Limited,MALLCOM,INE389C01015
Malu Paper Mills Limited,MALUPAPER,INE383H01017
Mamata Machinery Limited,MAMATA,INE0TO701015
Manaksia Aluminium Company Limited,MANAKALUCO,INE859Q01017
Manaksia Coated Metals & Industries Limited,MANAKCOAT,INE830Q01018
Manaksia Limited,MANAKSIA,INE015D01022
Manaksia Steels Limited,MANAKSTEEL,INE824Q01011
Manali Petrochemicals Limited,MANALIPETC,INE201A01024
Manappuram Finance Limited,MANAPPURAM,INE522D01027
Manba Finance Limited,MANBA,INE939X01013
Manbro Industries Limited,MANBRO,INE348N01042
Mangal Credit and Fincorp Limited,MANCREDIT,INE545L01039
Mangalam Drugs And Organics Limited,MANGALAM,INE584F01014
Mangalam Cement Limited,MANGLMCEM,INE347A01017
Man Industries (India) Limited,MANINDS,INE993A01026
Man Infraconstruction Limited,MANINFRA,INE949H01023
Manipal Health Enterprises Limited,MANIPALHOS,INE459N01021
Mankind Pharma Limited,MANKIND,INE634S01028
Manomay Tex India Limited,MANOMAY,INE784W01015
Manorama Industries Limited,MANORAMA,INE00VM01036
Mangalam Organics Limited,MANORG,INE370D01013
Manugraph India Limited,MANUGRAPH,INE867A01022
Vedant Fashions Limited,MANYAVAR,INE825V01034
C.E. Info Systems Limited,MAPMYINDIA,INE0BV301023
Maral Overseas Limited,MARALOVER,INE882A01013
Marathon Nextgen Realty Limited,MARATHON,INE182D01020
Marico Limited,MARICO,INE196A01026
Marine Electricals (India) Limited,MARINE,INE01JE01028
Markolines Pavement Technologies Limited,MARKOLINES,INE0FW001016
Marksans Pharma Limited,MARKSANS,INE750C01026
Marsons Limited,MARSONS,INE415B01044
Maruti Suzuki India Limited,MARUTI,INE585B01010
MAS Financial Services Limited,MASFIN,INE348L01012
Mask Investments Limited,MASKINVEST,INE885F01015
Mastek Limited,MASTEK,INE759A01021
Master Trust Limited,MASTERTR,INE677D01037
Matrimony.Com Limited,MATRIMONY,INE866R01028
Mawana Sugars Limited,MAWANASUG,INE636A01039
Max Estates Limited,MAXESTATES,INE03EI01018
Max Healthcare Institute Limited,MAXHEALTH,INE027H01010
Max India Limited,MAXIND,INE0CG601016
Mayur Uniquoters Ltd,MAYURUNIQ,INE040D01038
Mazda Limited,MAZDA,INE885E01042
Mazagon Dock Shipbuilders Limited,MAZDOCK,INE249Z01020
Madhya Bharat Agro Products Limited,MBAPL,INE900L01028
Mcnally Bharat Engineering Company Limited,MBECL,INE748A01024
M & B Engineering Limited,MBEL,INE08N601015
MBL Infrastructure Limited,MBLINFRA,INE912H01013
Mac Charles India Limited,MCCHRLS-B,INE435D01014
M TEK COPPER LIMITED,MCL,INE813V01022
Mcleod Russel India Limited,MCLEODRUSS,INE942G01012
Magellanic Cloud Limited,MCLOUD,INE613C01026
Multi Commodity Exchange of India Limited,MCX,INE745G01043
Global Health Limited,MEDANTA,INE474Q01031
Medi Assist Healthcare Services Limited,MEDIASSIST,INE456Z01021
Medicamen Biotech Limited,MEDICAMEQ,INE646B01010
Medi Caps Limited,MEDICAPQ,INE442D01010
Medico Remedies Limited,MEDICO,INE630Y01024
Medplus Health Services Limited,MEDPLUS,INE804L01022
Meesho Limited,MEESHO,INE0VDM01015
Megastar Foods Limited,MEGASTAR,INE00EM01016
Mangal Electrical Industries Limited,MEIL,INE0PKD01011
Menon Pistons Limited,MENNPIS,INE650G01029
Menon Bearings Limited,MENONBE,INE071D01033
MEP Infrastructure Developers Limited,MEP,INE776I01010
Mercantile Ventures Limited,MERCANTILE,INE689O01013
Mercury Ev-Tech Limited,MERCURYEV,INE763M01028
Metro Brands Limited,METROBRAND,INE317I01021
Metroglobal Limited,METROGLOBL,INE085D01033
Metropolis Healthcare Limited,METROPOLIS,INE112L01020
Mahalaxmi Fabric Mills Limited,MFML,INE0US801024
Max Financial Services Limited,MFSL,INE180A01020
Mangalam Global Enterprise Limited,MGEL,INE0APB01032
Mahanagar Gas Limited,MGL,INE002S01010
Mahalaxmi Rubtech Limited,MHLXMIRU,INE112D01035
Mahindra Holidays & Resorts India Limited,MHRIL,INE998I01010
MIC Electronics Limited,MICEL,INE287C01037
Mishra Dhatu Nigam Limited,MIDHANI,INE099Z01011
Midwest Limited,MIDWESTLTD,INE0XAD01024
Meghna Infracon Infrastructure Limited,MIIL,INE898Q01015
Milky Mist Dairy Food Limited,MILKYMIST,INE00IT01020
Minal Industries Limited,MINALIND,INE097E01028
Minda Corporation Limited,MINDACORP,INE842C01021
Mindteck (India) Limited,MINDTECK,INE110B01017
Mirza International Limited,MIRZAINT,INE771A01026
MITCON Consultancy & Engineering Services Limited,MITCON,INE828O01033
Mittal Life Style Limited,MITTAL,INE997Y01027
M.K. Exim (India) Limited,MKEXIM,INE227F01010
M K Proteins Limited,MKPL,INE964W01021
Milkfood Limited,MLKFOOD,INE588G01021
MM Forgings Limited,MMFL,INE227C01017
MMP Industries Limited,MMP,INE511Y01018
MMTC Limited,MMTC,INE123F01029
Media Matrix Worldwide Limited,MMWL,INE200D01020
One Mobikwik Systems Limited,MOBIKWIK,INE0HLU01028
Modi Naturals Limited,MODINATUR,INE537F01012
Modi Rubber Limited,MODIRUBBER,INE832A01018
Modis Navnirman Limited,MODIS,INE0L0L01012
MODISON LIMITED,MODISONLTD,INE737D01021
Modern Threads (India) Limited,MODTHREAD,INE794W01014
Mohite Industries Limited,MOHITE,INE154B01023
Mohit Industries Limited,MOHITIND,INE954E01012
MOIL Limited,MOIL,INE490G01020
Moksh Ornaments Limited,MOKSH,INE514Y01020
Meghmani Organics Limited,MOL,INE0CT101020
Molbio Diagnostics Limited,MOLBIO,INE869T01028
Mold-Tek Technologies Limited,MOLDTECH,INE835B01035
Mold-Tek Packaging Limited,MOLDTKPAC,INE893J01029
Monarch Networth Capital Limited,MONARCH,INE903D01011
Moneyboxx Finance Limited,MONEYBOXX,INE296Q01012
Monte Carlo Fashions Limited,MONTECARLO,INE950M01013
Morepen Laboratories Limited,MOREPENLAB,INE083A01026
Moschip Technologies Limited,MOSCHIP,INE935B01025
Samvardhana Motherson International Limited,MOTHERSON,INE775A01035
Motilal Oswal Financial Services Limited,MOTILALOFS,INE338I01027
Motisons Jewellers Limited,MOTISONS,INE0FRK01020
The Motor & General Finance Limited,MOTOGENFIN,INE861B01023
MPDL Limited,MPDL,INE493H01014
MphasiS Limited,MPHASIS,INE356A01018
MPS Limited,MPSLTD,INE943D01017
MRF Limited,MRF,INE883A01011
Mangalore Refinery and Petrochemicals Limited,MRPL,INE103A01014
Mangalam Seeds Limited,MSL,INE829S01016
MSP Steel & Power Limited,MSPL,INE752G01015
Mstc Limited,MSTCLTD,INE255X01014
Motherson Sumi Wiring India Limited,MSUMI,INE0FS801015
Mtar Technologies Limited,MTARTECH,INE864I01014
MT Educare Limited,MTEDUCARE,INE472M01018
Mahanagar Telephone Nigam Limited,MTNL,INE153A01019
Mufin Green Finance Limited,MUFIN,INE08KJ01020
Credo Brands Marketing Limited,MUFTI,INE220Q01020
Mukand Limited,MUKANDLTD,INE304A01026
Mukesh Babu Financial Services Limited,MUKESHB,INE596B01017
Mukka Proteins Limited,MUKKA,INE0CG401037
Mukta Arts Limited,MUKTAARTS,INE374B01019
Munjal Auto Industries Limited,MUNJALAU,INE672B01032
Munjal Showa Limited,MUNJALSHOW,INE577A01027
Murudeshwar Ceramics Limited,MURUDCERA,INE692B01014
Muthoot Capital Services Limited,MUTHOOTCAP,INE296G01013
Muthoot Finance Limited,MUTHOOTFIN,INE414G01012
Muthoot Microfin Limited,MUTHOOTMF,INE046W01019
MV Electrosystems Limited,MVELECTRO,INE0OWZ01020
Manoj Vaibhav Gems N Jewellers Limited,MVGJL,INE0KNT01012
Mangalam Worldwide Limited,MWL,INE0JYY01029
Mysore Petro Chemicals Limited,MYSORPETRO,INE741A01011
NACL Industries Limited,NACLIND,INE295D01020
Nagreeka Capital & Infrastructure Limited,NAGREEKCAP,INE245I01016
Nagreeka Exports Limited,NAGREEKEXP,INE123B01028
Nahar Capital and Financial Services Limited,NAHARCAP,INE049I01012
Nahar Industrial Enterprises Limited,NAHARINDUS,INE289A01011
Nahar Poly Films Limited,NAHARPOLY,INE308A01027
Nahar Spinning Mills Limited,NAHARSPING,INE290A01027
Nippon Life India Asset Management Limited,NAM-INDIA,INE298J01013
Narmada Agrobase Limited,NARMADA,INE117Z01029
Natural Capsules Limited,NATCAPSUQ,INE936B01015
Natco Pharma Limited,NATCOPHARM,INE987B01026
Nath Bio-Genes (India) Limited,NATHBIOGEN,INE448G01010
National Aluminium Company Limited,NATIONALUM,INE139A01034
National Standard (India) Limited,NATIONSTD,INE166R01015
Info Edge (India) Limited,NAUKRI,INE663F01032
NAVA LIMITED,NAVA,INE725A01030
Navin Fluorine International Limited,NAVINFLUOR,INE048G01026
Navkar Corporation Limited,NAVKARCORP,INE278M01019
Navkar Urbanstructure Limited,NAVKARURB,INE268H01044
Navneet Education Limited,NAVNETEDUL,INE060A01024
Nazara Technologies Limited,NAZARA,INE418L01047
NBCC (India) Limited,NBCC,INE095N01031
N. B. I. Industrial Finance Company Limited,NBIFIN,INE365I01020
NCC Limited,NCC,INE868B01028
NCL Industries Limited,NCLIND,INE732C01016
Naga Dhunseri Group Limited,NDGL,INE756C01015
Nandan Denim Limited,NDL,INE875G01048
NDL Ventures Limited,NDLVENTURE,INE353A01023
Ndr Auto Components Limited,NDRAUTO,INE07OG01012
New Delhi Television Limited,NDTV,INE155G01029
Neelamalai Agro Industries Limited,NEAGI,INE605D01012
North Eastern Carrying Corporation Limited,NECCLTD,INE553C01016
Nectar Lifesciences Limited,NECLIFE,INE023H01027
Nelcast Limited,NELCAST,INE189I01024
NELCO Limited,NELCO,INE045B01015
Neogen Chemicals Limited,NEOGEN,INE136S01016
Nephrocare Health Services Limited,NEPHROPLUS,INE428V01029
Nesco Limited,NESCO,INE317F01035
Nestle India Limited,NESTLEIND,INE239A01024
Netweb Technologies India Limited,NETWEB,INE0NT901020
Network18 Media & Investments Limited,NETWORK18,INE870H01013
Neueon Corporation Limited,NEUEON,INE333I01044
Neuland Laboratories Limited,NEULANDLAB,INE794A01010
Newgen Software Technologies Limited,NEWGEN,INE619B01017
Next Mediaworks Limited,NEXTMEDIA,INE747B01016
National Fertilizers Limited,NFL,INE870D01012
Nakoda Group of Industries Limited,NGIL,INE236Y01012
NGL Fine-Chem Limited,NGLFINE,INE887E01022
Narayana Hrudayalaya Ltd.,NH,INE410P01011
NHPC Limited,NHPC,INE848E01016
The New India Assurance Company Limited,NIACL,INE470Y01017
NIBE Limited,NIBE,INE149O01018
NRB Industrial Bearings Limited,NIBL,INE047O01014
Nicco Parks & Resorts Limited,NICCOPAR,INE653C01022
NIIT Limited,NIITLTD,INE161A01038
NIIT Learning Systems Limited,NIITMTS,INE342G01023
Nila Infrastructures Limited,NILAINFRA,INE937C01029
Nila Spaces Limited,NILASPACES,INE00S901012
Nile Limited,NILE,INE445D01013
Nilkamal Limited,NILKAMAL,INE310A01015
Nimbus Projects Limited,NIMBSPROJ,INE875B01015
NINtec Systems Limited,NINSYS,INE395U01014
Indo-National Limited,NIPPOBATRY,INE567A01028
Niraj Cement Structurals Limited,NIRAJ,INE368I01016
Niraj Ispat Industries Limited,NIRAJISPAT,INE326T01011
Nirlon Limited,NIRLON,INE910A01012
Nitco Limited,NITCO,INE858F01012
Nitin Spinners Limited,NITINSPIN,INE229H01012
Nitiraj Engineers Limited,NITIRAJ,INE439T01012
Nitta Gelatin India Limited,NITTAGELA,INE265B01019
Niva Bupa Health Insurance Company Limited,NIVABUPA,INE995S01015
NK Industries Limited,NKIND,INE542C01019
NLC India Limited,NLCINDIA,INE589A01014
NMDC Limited,NMDC,INE584A01023
NOCIL Limited,NOCIL,INE163A01018
Noida Toll Bridge Company Limited,NOIDATOLL,INE781B01015
Norben Tea & Exports Limited,NORBTEAEXP,INE369C01017
Northern Arc Capital Limited,NORTHARC,INE850M01015
Nova Agritech Limited,NOVAAGRI,INE02H701025
Novartis India Limited,NOVARTIND,INE234A01025
Network People Services Technologies Limited,NPST,INE0FFK01017
N R Agarwal Industries Limited,NRAIL,INE740D01017
NRB Bearing Limited,NRBBEARING,INE349A01021
Nupur Recyclers Limited,NRL,INE0JM501013
Nalwa Sons Investments Limited,NSIL,INE023A01030
NMDC Steel Limited,NSLNISP,INE0NNS01018
NTC Industries Limited,NTCIND,INE920C01017
NTPC Limited,NTPC,INE733E01010
NTPC Green Energy Limited,NTPCGREEN,INE0ONG01011
Nucleus Software Exports Limited,NUCLEUS,INE096B01018
Nureca Limited,NURECA,INE0DSF01015
Nuvama Wealth Management Limited,NUVAMA,INE531F01023
Nuvoco Vistas Corporation Limited,NUVOCO,INE118D01016
FSN E-Commerce Ventures Limited,NYKAA,INE388Y01029
Oriental Aromatics Limited,OAL,INE959C01023
OBCL Limited,OBCL,INE426Z01016
Oberoi Realty Limited,OBEROIRLTY,INE093I01010
OCCL Limited,OCCLLTD,INE0PK601023
Odigma Consultancy Solutions Limited,ODIGMA,INE054301028
Odyssey Corporation Limited,ODYCORP,INE839E01023
Oracle Financial Services Software Limited,OFSS,INE881D01027
Oil India Limited,OIL,INE274J01014
Oil Country Tubular Limited,OILCOUNTUB,INE591A01010
Ola Electric Mobility Limited,OLAELEC,INE0LXG01040
Olectra Greentech Limited,OLECTRA,INE260D01016
Omax Autos Limited,OMAXAUTO,INE090B01011
Omaxe Limited,OMAXE,INE800H01010
Om Freight Forwarders Limited,OMFREIGHT,INE1BZC01019
OM INFRA LIMITED,OMINFRAL,INE239D01028
Omnitech Engineering Limited,OMNI,INE0UH301010
Om Power Transmission Limited,OMPOWER,INE25E901019
One Global Service Provider Limited,ONEGLOBAL,INE670O01013
Onelife Capital Advisors Limited,ONELIFECAP,INE912L01015
One Point One Solutions Limited,ONEPOINT,INE840Y01029
Onesource Specialty Pharma Limited,ONESOURCE,INE013P01021
Oil & Natural Gas Corporation Limited,ONGC,INE213A01029
Onida Electronics Limited,ONIDA,INE831A01028
Onix Solar Energy Limited,ONIXSOLAR,INE173M01012
OnMobile Global Limited,ONMOBILE,INE809I01019
Onward Technologies Limited,ONWARDTEC,INE229A01017
Optiemus Infracom Limited,OPTIEMUS,INE350C01017
Optimus Finance Limited,OPTIFIN,INE031G01022
Orbit Exports Limited,ORBTEXP,INE231G01010
Orchasp Limited,ORCHASP,INE215B01022
Orchid Pharma Limited,ORCHPHARMA,INE191A01027
Oricon Enterprises Limited,ORICONENT,INE730A01022
Oriental Trimex Limited,ORIENTALTL,INE998H01012
Orient Bell Limited,ORIENTBELL,INE607D01018
Orient Cement Limited,ORIENTCEM,INE876N01018
ORIENT CERATECH LIMITED,ORIENTCER,INE569C01020
Orient Electric Limited,ORIENTELEC,INE142Z01019
Oriental Hotels Limited,ORIENTHOT,INE750A01020
Orient Press Limited,ORIENTLTD,INE609C01024
Orient Paper & Industries Limited,ORIENTPPR,INE592A01026
Orient Technologies Limited,ORIENTTECH,INE0PPK01015
Oriental Rail Infrastructure Limited,ORIRAIL,INE457G01029
The Orissa Minerals Development Company Limited,ORISSAMINE,INE725E01024
Orkla India Limited,ORKLAINDIA,INE16NZ01023
ORTIN GLOBAL LIMITED,ORTINGLOBE,INE749B01020
Osia Hyper Retail Limited,OSIAHYPER,INE06IR01021
Oswal Agro Mills Limited,OSWALAGRO,INE142A01012
Oswal Greentech Limited,OSWALGREEN,INE143A01010
Oswal Pumps Limited,OSWALPUMPS,INE0BYP01024
ShreeOswal Seeds And Chemicals Limited,OSWALSEEDS,INE00IK01029
Pace Digitek Limited,PACEDIGITK,INE0S3G01027
Pacific Industries Limited,PACIFICI,INE883C01025
Page Industries Limited,PAGEIND,INE761H01022
Paisalo Digital Limited,PAISALO,INE420C01059
PAKKA LIMITED,PAKKA,INE551D01018
Palash Securities Limited,PALASHSECU,INE471W01019
Palred Technologies Limited,PALREDTEC,INE218G01033
Panacea Biotec Limited,PANACEABIO,INE922B01023
Panache Digilife Limited,PANACHE,INE895W01019
Panama Petrochem Limited,PANAMAPET,INE305C01029
Panchmahal Steel Limited,PANCHMAHQ,INE798F01010
Panorama Studios International Limited,PANORAMA,INE258R01028
Pansari Developers Limited,PANSARI,INE697V01011
Par Drugs And Chemicals Limited,PAR,INE04LG01015
Paramount Communications Limited,PARACABLES,INE074B01023
Paradeep Phosphates Limited,PARADEEP,INE088F01024
Parag Milk Foods Limited,PARAGMILK,INE883N01014
Paras Defence and Space Technologies Limited,PARAS,INE045601023
Paras Petrofils Limited,PARASPETRO,INE162C01024
Park Medi World Limited,PARKHOSPS,INE119201023
Apeejay Surrendra Park Hotels Limited,PARKHOTELS,INE988S01028
Parnax Lab Limited,PARNAXLAB,INE383L01019
Parsvnath Developers Limited,PARSVNATH,INE561H01026
Pashupati Cotspin Limited,PASHUPATI,INE124Y01028
Pasupati Acrylon Limited,PASUPTAC,INE818B01023
Patanjali Foods Limited,PATANJALI,INE619A01035
Patel Engineering Limited,PATELENG,INE244B01030
Patel Retail Limited,PATELRMART,INE0R8B01010
Patel Integrated Logistics Limited,PATINTLOG,INE529D01014
Paushak Limited,PAUSHAKLTD,INE111F01024
Pavna Industries Limited,PAVNAIND,INE07S101038
One 97 Communications Limited,PAYTM,INE982J01020
PBM Polytex Limited,PBMPOLY,INE501F01018
PCBL Chemical Limited,PCBL,INE602A01031
PC Jeweller Limited,PCJEWELLER,INE785M01021
Pudumjee Paper Products Limited,PDMJEPAPER,INE865T01018
PDS Limited,PDSL,INE111Q01021
Pearl Polymers Limited,PEARLPOLY,INE844A01013
Pennar Industries Limited,PENIND,INE932A01024
Peninsula Land Limited,PENINLAND,INE138A01028
Permanent Magnets Limited,PERMAGN,INE418E01018
Persistent Systems Limited,PERSISTENT,INE262H01021
Petronet LNG Limited,PETRONET,INE347G01014
Power Finance Corporation Limited,PFC,INE134E01011
Pfizer Limited,PFIZER,INE182A01018
Prime Focus Limited,PFOCUS,INE367G01038
PTC India Financial Services Limited,PFS,INE560K01014
PG Electroplast Limited,PGEL,INE457L01029
Procter & Gamble Hygiene and Health Care Limited,PGHH,INE179A01014
Procter & Gamble Health Limited,PGHL,INE199A01012
Pearl Global Industries Limited,PGIL,INE940H01022
The Phoenix Mills Limited,PHOENIXLTD,INE211B01039
Phoenix International Limited,PHOENXINTL,INE245B01011
Piccadily Agro Industries Limited,PICCADIL,INE546C01010
Pidilite Industries Limited,PIDILITIND,INE318A01026
Power & Instrumentation (Gujarat) Limited,PIGL,INE557Z01018
PI Industries Limited,PIIND,INE603J01030
Pilani Investment and Industries Corporation Limited,PILANIINVS,INE417C01014
PIL ITALICA LIFESTYLE LIMITED,PILITA,INE600A01035
Pine Labs Limited,PINELABS,INE15B701018
Pioneer Embroideries Limited,PIONEEREMB,INE156C01018
Pioneer Investcorp Limited,PIONRINV,INE746D01014
Piramal Finance Limited,PIRAMALFIN,INE202B01038
Pitti Engineering Limited,PITTIENG,INE450D01021
Pix Transmissions Limited,PIXTRANS,INE751B01018
The Peria Karamalai Tea & Produce Company Limited,PKTEA,INE431F01018
Plastiblends India Limited,PLASTIBLEN,INE083C01022
Platinum Industries Limited,PLATIND,INE0PT501018
Plaza Wires Limited,PLAZACABLE,INE0INJ01017
Paul Merchants Limited,PML,INE291E01019
Punjab National Bank,PNB,INE160A01022
PNB Gilts Limited,PNBGILTS,INE859A01011
PNB Housing Finance Limited,PNBHOUSING,INE572E01012
Pritish Nandy Communications Limited,PNC,INE392B01011
PNC Infratech Limited,PNCINFRA,INE195J01029
P N Gadgil Jewellers Limited,PNGJL,INE953R01016
PNGS Reva Diamond Jewellery Limited,PNGSREVA,INE1RDG01013
Pondy Oxides & Chemicals Limited,POCL,INE063E01061
Poddar Pigments Limited,PODDARMENT,INE371C01013
POCL Enterprises Limited,POEL,INE035S01028
Pokarna Limited,POKARNA,INE637C01025
PB Fintech Limited,POLICYBZR,INE417T01026
Polycab India Limited,POLYCAB,INE455K01017
Poly Medicure Limited,POLYMED,INE205C01021
Polyplex Corporation Limited,POLYPLEX,INE633B01018
Polyspin Exports Limited,POLYSPIN,INE914G01029
Ponni Sugars (Erode) Limited,PONNIERODE,INE838E01017
Poonawalla Fincorp Limited,POONAWALLA,INE511C01022
Power Grid Corporation of India Limited,POWERGRID,INE752E01010
Powerica Limited,POWERICA,INE921L01032
Hitachi Energy India Limited,POWERINDIA,INE07Y701011
Power Mech Projects Limited,POWERMECH,INE211R01019
PPAP Automotive Limited,PPAP,INE095I01015
Prakash Pipes Limited,PPL,INE050001010
Piramal Pharma Limited,PPLPHARMA,INE0DK501011
Prabha Energy Limited,PRABHA,INE0I0M01023
Pradeep Metals Limited,PRADPME,INE770A01010
Prajay Engineers Syndicate Limited,PRAENG,INE505C01016
Praj Industries Limited,PRAJIND,INE074A01025
Prakash Industries Limited,PRAKASH,INE603A01013
Prakash Steelage Limited,PRAKASHSTL,INE696K01024
Praveg Limited,PRAVEG,INE722B01019
Praxis Home Retail Limited,PRAXIS,INE546Y01022
Precision Camshafts Limited,PRECAM,INE484I01029
Precot Limited,PRECOT,INE283A01014
Precision Wires India Limited,PRECWIRE,INE372C01037
Premco Global Limited,PREMCO,INE001E01012
Premier Explosives Limited,PREMEXPLN,INE863B01029
Premier Limited,PREMIER,INE342A01018
Premier Energies Limited,PREMIERENE,INE0BS701011
Premier Polyfilm Limited,PREMIERPOL,INE309M01020
Prestige Estates Projects Limited,PRESTIGE,INE811K01011
Pricol Limited,PRICOLLTD,INE726V01018
Prime Securities Limited,PRIMESECU,INE032B01021
Primo Chemicals Limited,PRIMO,INE607A01022
Prince Pipes And Fittings Limited,PRINCEPIPE,INE689W01016
Prismx Global Ventures Limited,PRISMX,INE286N01028
Priti International Limited,PRITI,INE974Z01015
Pritika Auto Industries Limited,PRITIKAUTO,INE583R01029
Privi Speciality Chemicals Limited,PRIVISCL,INE959A01019
Prostarm Info Systems Limited,PROSTARM,INE0BX301013
Protean eGov Technologies Limited,PROTEAN,INE004A01022
Prozone Realty Limited,PROZONER,INE195N01013
Prism Johnson Limited,PRSMJOHNSN,INE010A01011
Prudent Corporate Advisory Services Limited,PRUDENT,INE00F201020
Prudential Sugar Corporation Limited,PRUDMOULI,INE024D01016
Punjab & Sind Bank,PSB,INE608A01012
PSP Projects Limited,PSPPROJECT,INE488V01015
PTC India Limited,PTC,INE877F01012
PTC Industries Limited,PTCIL,INE596F01018
PTL Enterprises Limited,PTL,INE034D01049
Punjab Chemicals & Crop Protection Limited,PUNJABCHEM,INE277B01014
Puravankara Limited,PURVA,INE323I01011
PVP Ventures Limited,PVP,INE362A01016
PVR INOX Limited,PVRINOX,INE191H01014
Popular Vehicles and Services Limited,PVSL,INE772T01024
Physicswallah Limited,PWL,INE0LP301011
Pyramid Technoplast Limited,PYRAMID,INE0MIS01010
QMS Medical Allied Services Limited,QMSMEDI,INE0FMW01018
Quality Power Electrical Equipments Limited,QPOWER,INE0SII01026
Quadrant Future Tek Limited,QUADFUTURE,INE0LRY01011
Quess Corp Limited,QUESS,INE615P01015
Quick Heal Technologies Limited,QUICKHEAL,INE306L01010
Quint Digital Limited,QUINT,INE641R01017
Race Eco Chain Limited,RACE,INE084Q01012
RACL Geartech Limited,RACLGEAR,INE704B01017
Radaan Mediaworks India Limited,RADAAN,INE874F01027
Radhika Jeweltech Limited,RADHIKAJWE,INE583V01021
Radiant Cash Management Services Limited,RADIANTCMS,INE855R01021
Radico Khaitan Limited,RADICO,INE944F01028
Music Broadcast Limited,RADIOCITY,INE919I01024
Railtel Corporation Of India Limited,RAILTEL,INE0DD101019
Rain Industries Limited,RAIN,INE855B01025
Rainbow Childrens Medicare Limited,RAINBOW,INE961O01016
Rajesh Exports Limited,RAJESHEXPO,INE343B01030
Rajnandini Metal Limited,RAJMET,INE00KV01022
Rajoo Engineers Limited,RAJOOENG,INE535F01024
Rajapalayam Mills Limited,RAJPALAYAM,INE296E01026
Rajratan Global Wire Limited,RAJRATAN,INE451D01029
Raj Rayon Industries Limited,RAJRILTD,INE533D01032
Rajshree Sugars & Chemicals Limited,RAJSREESUG,INE562B01019
Raj Television Network Limited,RAJTV,INE952H01027
Rallis India Limited,RALLIS,INE613A01020
Shree Rama Newsprint Limited,RAMANEWS,INE278B01020
Rama Phosphates Limited,RAMAPHO,INE809A01032
Rama Steel Tubes Limited,RAMASTEEL,INE230R01035
Advit Jewels Limited,RAMBHAJO,INE1SJO01012
The Ramco Cements Limited,RAMCOCEM,INE331A01037
Ramco Industries Limited,RAMCOIND,INE614A01028
Ramco Systems Limited,RAMCOSYS,INE246B01019
Ramky Infrastructure Limited,RAMKY,INE874I01013
Ram Ratna Wires Limited,RAMRAT,INE207E01023
Rana Sugars Limited,RANASUG,INE625B01014
Rane Holdings Limited,RANEHOLDIN,INE384A01010
Rategain Travel Technologies Limited,RATEGAIN,INE0CLI01024
Ratnaveer Precision Engineering Limited-RE,RATNA-RE,INE05CZ20011
Ratnamani Metals & Tubes Limited,RATNAMANI,INE703B01027
Ratnaveer Precision Engineering Limited,RATNAVEER,INE05CZ01011
Raymond Limited,RAYMOND,INE301A01014
Raymond Lifestyle Limited,RAYMONDLSL,INE02ID01020
Raymond Realty Limited,RAYMONDREL,INE1SY401010
Restaurant Brands Asia Limited,RBA,INE07T201019
RBL Bank Limited,RBLBANK,INE976G01028
RBZ Jewellers Limited,RBZJEWEL,INE0PEQ01016
Rashtriya Chemicals and Fertilizers Limited,RCF,INE027A01015
Reliance Communications Limited,RCOM,INE330H01018
REC Limited,RECLTD,INE020B01018
Redington Limited,REDINGTON,INE891D01026
Redtape Limited,REDTAPE,INE0LXT01019
Refex Industries Limited,REFEX,INE056I01025
Regaal Resources Limited,REGAAL,INE0MHO01029
Regency Ceramics Limited,REGENCERAM,INE277C01012
Relaxo Footwears Limited,RELAXO,INE131B01039
Reliance Chemotex Industries Limited,RELCHEMQ,INE750D01016
Reliable Data Services Limited,RELIABLE,INE375Y01018
Reliance Industries Limited,RELIANCE,INE002A01018
Religare Enterprises Limited,RELIGARE,INE621H01010
Reliance Infrastructure Limited,RELINFRA,INE036A01016
Ravindra Energy Limited,RELTD,INE206N01018
Remsons Industries Limited,REMSONSIND,INE474C01023
Shree Renuka Sugars Limited,RENUKA,INE087H01022
Repco Home Finance Limited,REPCOHOME,INE612J01015
Rudrabhishek Enterprises Limited,REPL,INE364Z01019
Repro India Limited,REPRO,INE461B01014
Responsive Industries Limited,RESPONIND,INE688D01026
JHS Svendgaard Retail Ventures Limited,RETAIL,INE03DD01011
Renaissance Global Limited,RGL,INE722H01024
Rhetan TMT Limited,RHETAN,INE0KKN01029
Reliance Home Finance Limited,RHFL,INE217K01011
RHI MAGNESITA INDIA LIMITED,RHIM,INE743M01012
Robust Hotels Limited,RHL,INE508K01013
Rico Auto Industries Limited,RICOAUTO,INE209B01025
Reliance Industrial Infrastructure Limited,RIIL,INE046A01015
RIR Power Electronics Limited,RIR,INE302D01024
Rishabh Instruments Limited,RISHABH,INE0N2P01017
Ritco Logistics Limited,RITCO,INE01EG01016
RITES Limited,RITES,INE320J01015
Ravi Kumar Distilleries Limited,RKDL,INE722J01012
RKEC Projects Limited,RKEC,INE786W01010
Ramkrishna Forgings Limited,RKFORGE,INE399G01023
R K Swamy Limited,RKSWAMY,INE0NQ801033
RMC Switchgears Limited,RMC,INE655V01019
R M Drip and Sprinklers Systems Limited,RMDRIP,INE219Y01026
Rane (Madras) Limited,RML,INE050H01012
R&B Denims Limited,RNBDENIMS,INE012Q01039
Royal Orchid Hotels Limited,ROHLTD,INE283H01019
Rolex Rings Limited,ROLEXRINGS,INE645S01024
Rollatainers Limited,ROLLT,INE927A01040
Raj Oil Mills Limited,ROML,INE294G01026
Rossari Biotech Limited,ROSSARI,INE02A801020
Rossell India Limited,ROSSELLIND,INE847C01020
Rossell Techsys Limited,ROSSTECH,INE0OJW01016
Roto Pumps Limited,ROTO,INE535D01037
ROUTE MOBILE LIMITED,ROUTE,INE450U01017
Raghav Productivity Enhancers Limited,RPEL,INE912T01018
RPG Life Sciences Limited,RPGLIFE,INE105J01010
Reliance Power Limited,RPOWER,INE614G01033
R.P.P. Infra Projects Limited,RPPINFRA,INE324L01013
Rajshree Polypack Limited,RPPL,INE760W01023
RPSG VENTURES LIMITED,RPSGVENT,INE425Y01011
Rashi Peripherals Limited,RPTECH,INE0J1F01024
RDB Real Estate Constructions Limited,RRECL,INE0AK901016
RRIL Limited,RRIL,INE951M01037
R R Kabel Limited,RRKABEL,INE777K01022
RSD Finance Limited,RSDFIN,INE616F01022
Rajputana Stainless Limited,RSL,INE313L01016
R. S. Software (India) Limited,RSSOFTWARE,INE165B01029
RSWM Limited,RSWM,INE611A01016
R Systems International Limited,RSYSTEMS,INE411H01032
RattanIndia Enterprises Limited,RTNINDIA,INE834M01019
RattanIndia Power Limited,RTNPOWER,INE399K01017
RTS Power Corporation Limited,RTSPOWR,INE005C01017
Rubfila International Limited,RUBFILA,INE642C01025
Rubicon Research Limited,RUBICON,INE506V01022
The Ruby Mills Limited,RUBYMILLS,INE301D01026
Ruchi Infrastructure Limited,RUCHINFRA,INE413B01023
Ruchira Papers Limited,RUCHIRA,INE803H01014
Rudra Global Infra Products Limited,RUDRA,INE027T01023
Rupa & Company Limited,RUPA,INE895B01021
Rushil Decor Limited,RUSHIL,INE573K01025
Keystone Realtors Limited,RUSTOMJEE,INE263M01029
Ravinder Heights Limited,RVHL,INE09E501017
Rail Vikas Nigam Limited,RVNL,INE415G01027
Revathi Equipment India Limited,RVTH,INE0DAB01012
S&S Power Switchgears Limited,S&SPOWER,INE902B01017
Saatvik Green Energy Limited,SAATVIKGL,INE13B501022
SAB Industries Limited,SAB,INE137M01017
Sadbhav Engineering Limited,SADBHAV,INE226H01026
Sadbhav Infrastructure Project Limited,SADBHIN,INE764L01010
Sadhana Nitrochem Limited,SADHNANIQ,INE888C01040
Safari Industries (India) Limited,SAFARI,INE429E01023
Sagardeep Alloys Limited,SAGARDEEP,INE976T01013
Sagar Cements Limited,SAGCEM,INE229C01021
SAGILITY LIMITED,SAGILITY,INE0W2G01015
Shalibhadra Finance Limited,SAHLIBHFI,INE861D01011
Sahyadri Industries Limited,SAHYADRI,INE280H01015
Sai Capital Limited,SAICAPI,INE531X01018
Steel Authority of India Limited,SAIL,INE114A01011
Sai Life Sciences Limited,SAILIFE,INE570L01029
Sai Parenterals Limited,SAIPARENT,INE0H9F01037
Sakar Healthcare Limited,SAKAR,INE732S01012
Sakthi Sugars Limited,SAKHTISUG,INE623A01011
Saksoft Limited,SAKSOFT,INE667G01023
Sakuma Exports Limited,SAKUMA,INE190H01024
Salasar Techno Engineering Limited,SALASAR,INE170V01027
Salona Cotspin Limited,SALONA,INE498E01010
S.A.L. Steel Limited,SALSTEEL,INE658G01014
Salzer Electronics Limited,SALZERELEC,INE457F01013
Sambandam Spinning Mills Limited,SAMBANDAM,INE304D01012
Sambhaav Media Limited,SAMBHAAV,INE699B01027
Sambhv Steel Tubes Limited,SAMBHV,INE12NJ01018
Samhi Hotels Limited,SAMHI,INE08U801020
Sammaan Capital Limited,SAMMAANCAP,INE148I01020
Sampann Utpadan India Limited,SAMPANN,INE735M01018
Sanathan Textiles Limited,SANATHAN,INE0JPD01013
The Sandesh Limited,SANDESH,INE583B01015
Sandhar Technologies Limited,SANDHAR,INE278H01035
Sandur Manganese & Iron Ores Limited,SANDUMA,INE149K01016
Sangam (India) Limited,SANGAMIND,INE495C01010
Sanghvi Movers Limited,SANGHVIMOV,INE989A01032
Sanginita Chemicals Limited,SANGINITA,INE753W01010
Sanofi India Limited,SANOFI,INE058A01010
Sanofi Consumer Healthcare India Limited,SANOFICONR,INE0UOS01011
Sansera Engineering Limited,SANSERA,INE953O01021
Sanstar Limited,SANSTAR,INE08NE01025
Sanwaria Consumer Limited,SANWARIA,INE890C01046
Sapphire Foods India Limited,SAPPHIRE,INE806T01020
Shree Ajit Pulp & Paper Limited,SAPPL,INE185C01017
Sarda Energy & Minerals Limited,SARDAEN,INE385C01021
Saregama India Limited,SAREGAMA,INE979A01025
Sarla Performance Fibers Limited,SARLAPOLY,INE453D01025
Sarveshwar Foods Limited,SARVESHWAR,INE324X01026
Sasken Technologies Limited,SASKEN,INE231F01020
Satia Industries Limited,SATIA,INE170E01023
Satin Creditcare Network Limited,SATIN,INE836B01017
Saurashtra Cement Limited,SAURASHCEM,INE626A01014
Sayaji Hotels Limited,SAYAJIHOTL,INE318C01014
Sayaji Industries Limited,SAYAJIIND,INE327G01032
SBC Exports Limited,SBC,INE04AK01028
Shivalik Bimetal Controls Limited,SBCL,INE386D01027
SBFC Finance Limited,SBFC,INE423Y01016
Suratwwala Business Group Limited,SBGLP,INE05ST01028
SBI Cards and Payment Services Limited,SBICARD,INE018E01016
SBI Funds Management Limited,SBIFUNDS,INE640G01020
SBI Life Insurance Company Limited,SBILIFE,INE123W01016
State Bank of India,SBIN,INE062A01020
Scan Steels Limited,SCANSTL,INE099G01011
Schaeffler India Limited,SCHAEFFLER,INE513A01022
S Chand And Company Limited,SCHAND,INE807K01035
Schneider Electric Infrastructure Limited,SCHNEIDER,INE839M01018
Shipping Corporation Of India Limited,SCI,INE109A01011
Shipping Corporation of India Land and Assets Limited,SCILAL,INE0PB301013
Scoda Tubes Limited,SCODATUBES,INE090501011
Sheetal Cool Products Limited,SCPL,INE501Y01019
Som Distilleries & Breweries Limited,SDBL,INE480C01038
Seamec Limited,SEAMECLTD,INE497B01018
SecMark Consultancy Limited,SECMARK,INE0BTM01013
SECUREKLOUD TECHNOLOGIES LIMITED,SECURKLOUD,INE650K01021
SEDEMAC Mechatronics Limited,SEDEMAC,INE00XB01019
Shanti Educational Initiatives Limited,SEIL,INE440T01028
Sejal Glass Limited,SEJALLTD,INE955I01044
Saint Gobain Sekurit India Limited,SEKURITIND,INE068B01017
SEL Manufacturing Company Limited,SELMC,INE105I01020
Semac Construction Limited,SEMAC,INE617A01013
Senco Gold Limited,SENCO,INE602W01027
Senores Pharmaceuticals Limited,SENORES,INE0RB801010
SEPC Limited,SEPC,INE964H01014
Servotech Renewable Power System Limited,SERVOTECH,INE782X01033
Seshasayee Paper and Boards Limited,SESHAPAPER,INE630A01024
Setco Automotive Limited,SETCO,INE878E01021
Standard Engineering Technology Limited,SETL,INE0M4D01010
Setubandhan Infrastructure Limited,SETUINFRA,INE023M01027
Seya Industries Limited,SEYAIND,INE573R01012
Sheela Foam Limited,SFL,INE916U01025
SG Finserve Limited,SGFIN,INE618R01015
Synergy Green Industries Limited,SGIL,INE00QT01015
STL Global Limited,SGL,INE353H01010
SGL Resources Limited,SGLRES,INE967B01028
SG Mart Limited,SGMART,INE385F01024
Shree Ganesh Remedies Limited,SGRL,INE414Y01015
Shadowfax Technologies Limited,SHADOWFAX,INE12UN01015
Shah Metacorp Limited,SHAH,INE482J01021
Shah Alloys Limited,SHAHALLOYS,INE640C01011
Shaily Engineering Plastics Limited,SHAILY,INE151G01028
Shakti Pumps (India) Limited,SHAKTIPUMP,INE908D01010
Shalby Limited,SHALBY,INE597J01018
Shalimar Paints Limited,SHALPAINTS,INE849C01026
Shankara Building Products Limited,SHANKARA,INE274V01019
Shankesh Jewellers Limited,SHANKESH,INE1WFC01025
Shanti Overseas (India) Limited,SHANTI,INE933X01016
Shanthi Gears Limited,SHANTIGEAR,INE631A01022
Shanti Gold International Limited,SHANTIGOLD,INE06ZD01017
Sharda Cropchem Limited,SHARDACROP,INE221J01015
Sharda Motor Industries Limited,SHARDAMOTR,INE597I01028
Shardul Securities Limited,SHARDUL,INE037B01020
Share India Securities Limited,SHAREINDIA,INE932X01026
Shri Bajrang Alliance Limited,SHBAJRG,INE402H01015
Shekhawati Industries Limited,SHEKHAWATI,INE268L01046
Shemaroo Entertainment Limited,SHEMAROO,INE363M01019
Shervani Industrial Syndicate Limited,SHERVANI,INE011D01013
Shilchar Technologies Limited,SHILCTECH,INE024F01011
Shilp Gravures Limited,SHILGRAVQ,INE960A01017
Shilpa Medicare Limited,SHILPAMED,INE790G01031
Sharat Industries Limited,SHINDL,INE220Z01013
Shiprocket Limited,SHIPROCKET,INE0FOO01011
Shiva Global Agro Industries Limited,SHIVAAGRO,INE960E01019
Shiva Cement Limited,SHIVACEM,INE555C01029
Shivalik Rasayan Limited,SHIVALIK,INE788J01021
Shivam Autotech Limited,SHIVAMAUTO,INE637H01024
Shiva Mills Limited,SHIVAMILLS,INE644Y01017
Shiva Texyarn Limited,SHIVATEX,INE705C01020
Shiv Aum Steels Limited,SHIVAUM,INE719F01016
S H Kelkar and Company Limited,SHK,INE500L01026
Shoppers Stop Limited,SHOPERSTOP,INE498B01024
Shraddha Prime Projects Limited,SHRADDHA,INE311M01018
Shradha Realty Limited,SHRADHA,INE715Y01031
Shree Digvijay Cement Co.Ltd,SHREDIGCEM,INE232A01011
SHREE CEMENT LIMITED,SHREECEM,INE070A01015
Shreeji Shipping Global Limited,SHREEJISPG,INE1B6101010
Shree Pushkar Chemicals & Fertilisers Limited,SHREEPUSHK,INE712K01011
Shree Rama Multi-Tech Limited,SHREERAMA,INE879A01019
Shrenik Limited,SHRENIK,INE632X01030
Shreyans Industries Limited,SHREYANIND,INE231C01019
Shri Krishna Devcon Limited,SHRIKRISH,INE997I01012
Shringar House of Mangalsutra Limited,SHRINGARMS,INE1B3L01017
SPR Auto Technologies Limited,SHRIPISTON,INE526E01018
Shriram Finance Limited,SHRIRAMFIN,INE721A01047
Shriram Properties Limited,SHRIRAMPPS,INE217L01019
Shri Jagdamba Polymers Limited,SHRJAGP,INE564J01026
Shukra Pharmaceuticals Limited,SHUKRAPHAR,INE551C01044
Shyam Century Ferrous Limited,SHYAMCENT,INE979R01011
Shyam Metalics and Energy Limited,SHYAMMETL,INE810G01011
Shyam Telecom Limited,SHYAMTEL,INE635A01023
Sicagen India Limited,SICAGEN,INE176J01011
Sical Logistics Limited,SICALLOG,INE075B01020
Superior Industrial Enterprises Limited,SIEL,INE843L01012
Siemens Limited,SIEMENS,INE003A01024
Sigachi Industries Limited,SIGACHI,INE0D0K01022
Signet Industries Limited,SIGIND,INE529F01035
Sigma Solve Limited,SIGMA,INE0A0S01028
SIGMA ADVANCED SYSTEMS LIMITED,SIGMAADV,INE933B01012
Signatureglobal (India) Limited,SIGNATURE,INE903U01023
Signpost India Limited,SIGNPOST,INE0KGZ01021
Sika Interplant Systems Limited,SIKA,INE438E01032
Sikko Industries Limited,SIKKO,INE112X01025
Standard Industries Limited,SIL,INE173A01025
Silgo Retail Limited,SILGO,INE01II01013
SIL Investments Limited,SILINV,INE923A01015
Silly Monks Entertainment Limited,SILLYMONKS,INE203Y01012
Silver Touch Technologies Limited,SILVERTUC,INE625X01026
Simbhaoli Sugars Limited,SIMBHALS,INE748T01016
Simplex Infrastructures Limited,SIMPLEXINF,INE059B01024
Simplex Realty Limited,SIMPLXREA,INE167H01014
Sinclairs Hotels Limited,SINCLAIR,INE985A01022
Sindhu Trade Links Limited,SINDHUTRAD,INE325D01025
Singer India Limited,SINGERIND,INE638A01035
Sintercom India Limited,SINTERCOM,INE129Z01016
Sirca Paints India Limited,SIRCA,INE792Z01011
SIS LIMITED,SIS,INE285J01028
Siti Networks Limited,SITINET,INE965H01011
Siyaram Silk Mills Limited,SIYSIL,INE076B01028
S.J.S. Enterprises Limited,SJS,INE284S01014
SJVN Limited,SJVN,INE002L01015
SKF India Limited,SKFINDIA,INE640A01023
SKF India (Industrial) Limited,SKFINDUS,INE2J8701016
Skipper Limited,SKIPPER,INE439E01022
SKM Egg Products Export (India) Limited,SKMEGGPROD,INE411D01023
SKY GOLD AND DIAMONDS LIMITED,SKYGOLD,INE01IU01018
Skyways Air Services Limited,SKYWAYS,INE0PX301025
Smartlink Holdings Limited,SMARTLINK,INE178C01020
Smartworks Coworking Spaces Limited,SMARTWORKS,INE0NAZ01010
SMC Global Securities Limited,SMCGLOBAL,INE103C01036
SML Mahindra Limited,SMLMAH,INE294B01019
Sarthak Metals Limited,SMLT,INE017W01010
SMS Pharmaceuticals Limited,SMSPHARMA,INE812G01025
Snowman Logistics Limited,SNOWMAN,INE734N01019
Sobha Limited,SOBHA,INE671H01015
Softtech Engineers Limited,SOFTTECH,INE728Z01015
Solara Active Pharma Sciences Limited,SOLARA,INE624Z01016
Solar Industries India Limited,SOLARINDS,INE343H01029
Solarworld Energy Solutions Limited,SOLARWORLD,INE0TY101024
Solex Energy Limited,SOLEX,INE880Y01017
Somany Ceramics Limited,SOMANYCERA,INE355A01028
Soma Textiles & Industries Limited,SOMATEX,INE314C01013
Somi Conveyor Beltings Limited,SOMICONVEY,INE323J01019
Sona BLW Precision Forgings Limited,SONACOMS,INE073K01018
Sonal Mercantile Limited,SONAL,INE321M01017
SONAM LIMITED,SONAMLTD,INE00LM01029
Sonata Software Limited,SONATSOFTW,INE269A01021
Savita Oil Technologies Limited,SOTL,INE035D01020
The South Indian Bank Limited,SOUTHBANK,INE683A01023
South West Pinnacle Exploration Limited,SOUTHWEST,INE980Y01015
S. P. Apparels Limited,SPAL,INE212I01016
Spandana Sphoorty Financial Limited,SPANDANA,INE572J01011
Sun Pharma Advanced Research Company Limited,SPARC,INE232I01014
Spacenet Enterprises India Limited,SPCENET,INE970N01027
Speciality Restaurants Limited,SPECIALITY,INE247M01014
Spectrum Electrical Industries Limited,SPECTRUM,INE01EO01010
SPEL Semiconductor Limited,SPELS,INE252A01019
Spencer's Retail Limited,SPENCERS,INE020801028
Southern Petrochemicals Industries Corporation  Limited,SPIC,INE147A01011
SPL Industries Limited,SPLIL,INE978G01016
Supreme Petrochem Limited,SPLPETRO,INE663A01033
SPML Infra Limited,SPMLINFRA,INE937A01023
Sportking India Limited,SPORTKING,INE885H01029
Shankar Lal Rampal Dye-Chem Limited,SRD,INE01NE01012
Sreeleathers Limited,SREEL,INE099F01013
SRF Limited,SRF,INE647A01010
SRG Housing Finance Limited,SRGHFL,INE559N01010
Sree Rayalaseema Hi-Strength Hypo Limited,SRHHYPOLTD,INE917H01012
Sri KPR Industries Limited,SRIKPRIND,INE009C01019
SRM Contractors Limited,SRM,INE0R6Z01013
Shree Ram Twistex Limited,SRTL,INE19GK01015
Saraswati Saree Depot Limited,SSDL,INE0PQ101010
Steel Strips Wheels Limited,SSWL,INE802C01033
Stallion India Fluorochemicals Limited,STALLION,INE0RYC01010
Stanley Lifestyles Limited,STANLEY,INE01A001028
Strides Pharma Science Limited,STAR,INE939A01011
Star Cement Limited,STARCEMENT,INE460H01021
Star Health and Allied Insurance Company Limited,STARHEALTH,INE575P01011
Star Paper Mills Limited,STARPAPER,INE733A01018
Starteck Finance Limited,STARTECK,INE992I01013
The State Trading Corporation of India Limited,STCINDIA,INE655A01013
Steelcast Limited,STEELCAS,INE124E01038
Steel City Securities Limited,STEELCITY,INE395H01011
STEEL EXCHANGE INDIA LIMITED,STEELXIND,INE503B01021
Stel Holdings Limited,STEL,INE577L01016
Sterling Tools Limited,STERTOOLS,INE334A01023
STL Networks Limited,STLNETWORK,INE1VXE01018
Steel Strips Infrastructures Limited,STLSTRINF,INE205F01016
Sterlite Technologies Limited,STLTECH,INE089C01029
Stove Kraft Limited,STOVEKRAFT,INE00IN01015
Studds Accessories Limited,STUDDS,INE00Q601028
Seshaasai Technologies Limited,STYL,INE04VU01023
Stylam Industries Limited,STYLAMIND,INE239C01020
Baazar Style Retail Limited,STYLEBAAZA,INE01FR01028
Styrenix Performance Materials Limited,STYRENIX,INE189B01011
Subex Limited,SUBEXLTD,INE754A01055
Subros Limited,SUBROS,INE287B01021
Sudarshan Colorants India Limited,SUDARCOLOR,INE492A01029
Sudarshan Chemical Industries Limited,SUDARSCHEM,INE659A01023
Sudeep Pharma Limited,SUDEEPPHRM,INE0QPI01025
Sukhjit Starch & Chemicals Limited,SUKHJITS,INE450E01029
Sula Vineyards Limited,SULA,INE142Q01026
Sumedha Fiscal Services Limited,SUMEDHA,INE886B01012
Sumeet Industries Limited,SUMEETINDS,INE235C01036
Sumitomo Chemical India Limited,SUMICHEM,INE258G01013
Sumit Woods Limited,SUMIT,INE748Z01013
Summit Securities Limited,SUMMITSEC,INE519C01017
Sundaram Clayton Limited,SUNCLAY,INE0Q3R01026
Sundaram Multi Pap Limited,SUNDARAM,INE108E01023
Sundaram Finance Limited,SUNDARMFIN,INE660A01013
Sundaram Brake Linings Limited,SUNDRMBRAK,INE073D01013
Sundram Fasteners Limited,SUNDRMFAST,INE387A01021
Sundrop Brands Limited,SUNDROP,INE209A01019
Sunflag Iron And Steel Company Limited,SUNFLAG,INE947A01014
Sunil Healthcare Limited,SUNLOC,INE671C01016
Sun Pharmaceutical Industries Limited,SUNPHARMA,INE044A01036
Sunrakshakk Industries India Limited,SUNRAKSHAK,INE671K01027
Sunshield Chemicals Limited,SUNSHIEL,INE199E01014
Sunshine Pictures Limited,SUNSHINE,INE1B3O01011
Sunteck Realty Limited,SUNTECK,INE805D01034
Sun TV Network Limited,SUNTV,INE424H01027
Superhouse Limited,SUPERHOUSE,INE712B01010
Super Spinning Mills Limited,SUPERSPIN,INE662A01027
Suprajit Engineering Limited,SUPRAJIT,INE399C01030
Supreme Holdings & Hospitality (India) Limited,SUPREME,INE822E01011
Supreme Engineering Limited,SUPREMEENG,INE319Z01021
Supreme Industries Limited,SUPREMEIND,INE195A01028
Supreme Infrastructure India Limited,SUPREMEINF,INE550H01011
Supriya Lifescience Limited,SUPRIYA,INE07RO01027
Super Tannery Limited,SUPTANERY,INE460D01038
Suraj Estate Developers Limited,SURAJEST,INE843S01025
Suraj Limited,SURAJLTD,INE713C01016
Suraksha Diagnostic Limited,SURAKSHA,INE877V01027
Surana Solar Limited,SURANASOL,INE272L01022
Surana Telecom and Power Limited,SURANAT&P,INE130B01031
Suryalata Spinning Mills Limited,SURYALA,INE132C01027
Suryalakshmi Cotton Mills Limited,SURYALAXMI,INE713B01026
Surya Roshni Limited,SURYAROSNI,INE335A01020
Suryoday Small Finance Bank Limited,SURYODAY,INE428Q01011
Sutlej Textiles and Industries Limited,SUTLEJTEX,INE645H01027
Suven Life Sciences Limited,SUVEN,INE495B01038
Suvidhaa Infoserve Limited,SUVIDHAA,INE018401013
Suyog Telematics Limited,SUYOG,INE442P01014
Suzlon Energy Limited,SUZLON,INE040H01021
S V Global Mill Limited,SVGLOBAL,INE159L01013
Shree Vasu Logistics Limited,SVLL,INE00CE01017
SVP GLOBAL TEXTILES LIMITED,SVPGLOB,INE308E01029
SWAN CORP LIMITED,SWANCORP,INE665A01038
Swan Defence and Heavy Industries Limited,SWANDEF,INE542F01020
Swaraj Suiting Limited,SWARAJ,INE0GMR01016
Swaraj Engines Limited,SWARAJENG,INE277A01016
Swarnsarita Jewels India Limited,SWARNSAR,INE967A01012
Swelect Energy Systems Limited,SWELECTES,INE409B01013
Swiggy Limited,SWIGGY,INE00H001014
Swiss Military Consumer Goods Limited,SWISSMLTRY,INE010C01025
Sterling and Wilson Renewable Energy Limited,SWSOLAR,INE00M201021
Symbiotec Pharmalab Limited,SYMBIOTEC,INE899I01028
Symphony Limited,SYMPHONY,INE225D01027
Syncom Formulations (India) Limited,SYNCOMF,INE312C01025
Syngene International Limited,SYNGENE,INE398R01022
Syrma SGS Technology Limited,SYRMA,INE0DYJ01015
Systematix Corporate Services Limited,SYSTMTXC,INE356B01024
Taal Tech Limited,TAALTECH,INE524T01011
Tainwala Chemical and Plastic (I) Limited,TAINWALCHM,INE123C01018
Taj GVK Hotels & Resorts Limited,TAJGVK,INE586B01026
TAKE Limited,TAKE,INE142I01023
Talbros Automotive Components Limited,TALBROAUTO,INE187D01029
Tamboli Industries Limited,TAMBOLIIN,INE864J01012
Taneja Aerospace & Aviation Limited,TANAA,INE692C01020
Tanla Platforms Limited,TANLA,INE483C01032
Tara Chand InfraLogistic Solutions Limited,TARACHAND,INE555Z01020
Tarapur Transformers Limited,TARAPUR,INE747K01017
TARC Limited,TARC,INE0EK901012
Transformers And Rectifiers (India) Limited,TARIL,INE763I01026
Tarmat Limited,TARMAT,INE924H01018
Tarsons Products Limited,TARSONS,INE144Z01023
Tasty Bite Eatables Limited,TASTYBITE,INE488B01017
Tata Capital Limited,TATACAP,INE976I01016
Tata Chemicals Limited,TATACHEM,INE092A01019
Tata Communications Limited,TATACOMM,INE151A01013
TATA CONSUMER PRODUCTS LIMITED,TATACONSUM,INE192A01025
Tata Elxsi Limited,TATAELXSI,INE670A01012
Tata Investment Corporation Limited,TATAINVEST,INE672A01026
Tata Power Company Limited,TATAPOWER,INE245A01021
Tata Steel Limited,TATASTEEL,INE081A01020
Tata Technologies Limited,TATATECH,INE142M01025
Tatva Chintan Pharma Chem Limited,TATVA,INE0GK401011
TBO Tek Limited,TBOTEK,INE673O01025
Tribhovandas Bhimji Zaveri Limited,TBZ,INE760L01018
TCC Concept Limited,TCC,INE887D01016
Transport Corporation of India Limited,TCI,INE688A01022
TCI Express Limited,TCIEXP,INE586V01016
TCI Finance Limited,TCIFINANCE,INE911B01018
TCPL Packaging Limited,TCPLPACK,INE822C01015
Tata Consultancy Services Limited,TCS,INE467B01029
TD Power Systems Limited,TDPOWERSYS,INE419M01035
Team India Guaranty Limited,TEAMGTY,INE289C01025
Teamlease Services Limited,TEAMLEASE,INE985S01024
Tech Mahindra Limited,TECHM,INE669C01036
Technocraft Ventures Limited,TECHNOCRAF,INE1D0W01018
Techno Electric & Engineering Company Limited,TECHNOE,INE285K01026
TechNVision Ventures Limited,TECHNVISN,INE314H01012
TECIL Chemicals and Hydro Power Limited,TECILCHEM,INE014B01011
Tega Industries Limited,TEGA,INE011K01018
Tejas Networks Limited,TEJASNET,INE010J01012
Tembo Global Industries Limited,TEMBO,INE869Y01028
Tempsens Instruments (India) Limited,TEMPSENS,INE1KZI01025
Tenneco Clean Air India Limited,TENNIND,INE19RI01016
Terai Tea Company Limited,TERAI,INE390D01011
Tera Software Limited,TERASOFT,INE482B01010
Texmaco Infrastructure & Holdings Limited,TEXINFRA,INE435C01024
Texmo Pipes and Products Limited,TEXMOPIPES,INE141K01013
Texmaco Rail & Engineering Limited,TEXRAIL,INE621L01012
Tourism Finance Corporation of India Limited,TFCILTD,INE305A01023
Transwarranty Finance Limited,TFL,INE804H01012
TGB Banquets And Hotels Limited,TGBHOTELS,INE797H01018
TGV Sraac Limited,TGVSL,INE284B01028
Thacker & Company Limited,THACKER,INE077P01034
Thakkers Developers Limited,THAKDEV,INE403F01017
Thangamayil Jewellery Limited,THANGAMAYL,INE085J01014
The Investment Trust Of India Limited,THEINVEST,INE924D01017
Thejo Engineering Limited,THEJO,INE121N01019
Leela Palaces Hotels & Resorts Limited,THELEELA,INE0AQ201015
Themis Medicare Limited,THEMISMED,INE083B01024
Thermax Limited,THERMAX,INE152A01029
Thomas Cook  (India)  Limited,THOMASCOOK,INE332A01027
Thomas Scott (India) Limited,THOMASCOTT,INE480M01011
Thyrocare Technologies Limited,THYROCARE,INE594H01019
Tilaknagar Industries Limited,TI,INE133E01013
Twamev Construction and Infrastructure Limited,TICL,INE388G01026
Tiger Logistics (India) Limited,TIGERLOGS,INE906O01029
Technocraft Industries (India) Limited,TIIL,INE545H01011
Tube Investments of India Limited,TIINDIA,INE974X01010
Tijaria Polypipes Limited,TIJARIA,INE440L01017
TIL Limited,TIL,INE806C01018
Time Technoplast Limited,TIMETECHNO,INE508G01029
Timex Group India Limited,TIMEX,INE064A01026
Timken India Limited,TIMKEN,INE325A01013
Tinna Rubber and Infrastructure Limited,TINNARUBR,INE015C01016
Tips Films Limited,TIPSFILMS,INE0LQS01015
Tips Music Limited,TIPSMUSIC,INE716B01029
Thirumalai Chemicals Limited,TIRUMALCHM,INE338A01024
Tirupati Forge Limited,TIRUPATIFL,INE319Y01024
TITAGARH RAIL SYSTEMS LIMITED,TITAGARH,INE615H01020
Titan Company Limited,TITAN,INE280A01028
Tamilnad Mercantile Bank Limited,TMB,INE668A01016
Tata Motors Limited,TMCV,INE1TAE01010
Tata Motors Passenger Vehicles Limited,TMPV,INE155A01022
Tamilnadu PetroProducts Limited,TNPETRO,INE148A01019
Tamil Nadu Newsprint & Papers Limited,TNPL,INE107A01015
Tamilnadu Telecommunication Limited,TNTELE,INE141D01018
Tokyo Plast International Limited,TOKYOPLAST,INE932C01012
Tolins Tyres Limited,TOLINS,INE0RWQ01014
Torrent Pharmaceuticals Limited,TORNTPHARM,INE685A01028
Torrent Power Limited,TORNTPOWER,INE813H01021
Total Transport Systems Limited,TOTAL,INE336X01012
Touchwood Entertainment Limited,TOUCHWOOD,INE486Y01013
Toyam Sports Limited,TOYAMSL,INE457P01020
Teamo Productions HQ Limited,TPHQ,INE065J01024
TPL Plastech Limited,TPLPLASTEH,INE413G01022
Tracxn Technologies Limited,TRACXN,INE0HMF01019
Transcorp International Limited,TRANSCOR,INE330E01023
Transpek Industry Limited,TRANSPEK,INE687A01016
Transrail Lighting Limited,TRANSRAILL,INE454P01035
TRANSWORLD SHIPPING LINES LIMITED,TRANSWORLD,INE757B01015
Travel Food Services Limited,TRAVELFOOD,INE103V01028
Tree House Education & Accessories Limited,TREEHOUSE,INE040M01013
TREJHARA SOLUTIONS LIMITED,TREJHARA,INE00CA01015
Transindia Real Estate Limited,TREL,INE0O3901029
Trent Limited,TRENT,INE849A01020
TRF Limited,TRF,INE391D01019
Trident Limited,TRIDENT,INE064C01022
Trigyn Technologies Limited,TRIGYN,INE948A01012
Triton Valves Limited,TRITONV,INE440G01017
Triveni Turbine Limited,TRITURBINE,INE152M01016
Triveni Engineering & Industries Limited,TRIVENI,INE256C01024
TruCap Finance Limited,TRU,INE615R01029
TruAlt Bioenergy Limited,TRUALT,INE0MWH01014
TSF INVESTMENTS LIMITED,TSFINV,INE202Z01029
TTK Healthcare Limited,TTKHLTCARE,INE910C01018
TTK Prestige Limited,TTKPRESTIG,INE690A01028
T T Limited,TTL,INE592B01024
Tata Teleservices (Maharashtra) Limited,TTML,INE517B01013
Turtlemint Fintech Solutions Limited,TURTLEMINT,INE0OC301013
Tuticorin Alkali Chemicals & Fertilizers Limited,TUTIALKA,INE400A01014
TVS Electronics Limited,TVSELECT,INE236G01019
TVS Holdings Limited,TVSHLTD,INE105A01035
TVS Motor Company Limited,TVSMOTOR,INE494B01023
TVS Supply Chain Solutions Limited,TVSSCS,INE395N01027
TVS Srichakra Limited,TVSSRICHAK,INE421C01016
TV Today Network Limited,TVTODAY,INE038F01029
TV Vision Limited,TVVISION,INE871L01013
United Breweries Limited,UBL,INE686F01025
UCAL LIMITED,UCAL,INE139B01016
UCO Bank,UCOBANK,INE691A01018
Uday Jewellery Industries Limited,UDAYJEW,INE551B01012
Updater Services Limited,UDS,INE851I01011
Ujaas Energy Limited,UEL,INE899L01030
United Foodbrands Limited,UFBL,INE382M01027
UFLEX Limited,UFLEX,INE516A01017
UFO Moviez India Limited,UFO,INE527H01019
The Ugar Sugar Works Limited,UGARSUGAR,INE071E01023
Ugro Capital Limited,UGROCAP,INE583D01011
Ujjivan Small Finance Bank Limited,UJJIVANSFB,INE551W01018
UltraTech Cement Limited,ULTRACEMCO,INE481G01011
Ultramarine & Pigments Limited,ULTRAMAR,INE405A01021
Uma Exports Limited,UMAEXPORTS,INE0GIU01018
Usha Martin Education & Solutions Limited,UMESLTD,INE240C01028
UMIYA BUILDCON LIMITED,UMIYA-MRO,INE398B01018
Unichem Laboratories Limited,UNICHEMLAB,INE351A01035
United Drilling Tools Limited,UNIDT,INE961D01019
Unicommerce Esolutions Limited,UNIECOM,INE00U401027
Uniphos Enterprises Limited,UNIENTER,INE037A01022
Uniinfo Telecom Services Limited,UNIINFO,INE481Z01011
Unimech Aerospace and Manufacturing Limited,UNIMECH,INE0U3I01011
Union Bank of India,UNIONBANK,INE692A01016
Uniparts India Limited,UNIPARTS,INE244O01017
United Spirits Limited,UNITDSPR,INE854D01024
Unitech Limited,UNITECH,INE694A01020
United Polyfab Gujarat Limited,UNITEDPOLY,INE368U01029
The United Nilgiri Tea Estates Company Limited,UNITEDTEA,INE458F01011
Univastu India Limited,UNIVASTU,INE562X01013
Universal Cables Limited,UNIVCABLES,INE279A01012
Universus Photo Imagings Limited,UNIVPHOTO,INE03V001013
UNO Minda Limited,UNOMINDA,INE405E01023
U P Hotels Limited,UPHOT,INE726E01014
UPL Limited,UPL,INE628A01036
Uravi Defence and Technology Limited,URAVIDEF,INE568Z01015
Urban Company Limited,URBANCO,INE0CAZ01013
Urja Global Limited,URJA,INE550C01020
Usha Martin Limited,USHAMART,INE228A01035
Udayshivakumar Infra Limited,USK,INE0N0Y01013
UTI Asset Management Company Limited,UTIAMC,INE094J01016
Utkarsh Small Finance Bank Limited,UTKARSHBNK,INE735W01017
Fujiyama Power Systems Limited,UTLSOLAR,INE12UR01024
Uttam Sugar Mills Limited,UTTAMSUGAR,INE786F01031
U. Y. Fincorp Limited,UYFINCORP,INE152C01025
V2 Retail Limited,V2RETAIL,INE945H01021
Vadilal Industries Limited,VADILALIND,INE694D01016
Vadilal Enterprises Limited,VADILENT,INE693D01018
Vaibhav Global Limited,VAIBHAVGBL,INE884A01027
Vaishali Pharma Limited,VAISHALI,INE972X01022
Vakrangee Limited,VAKRANGEE,INE051B01021
Valiant Laboratories Limited,VALIANTLAB,INE0JWS01017
Valiant Organics Limited,VALIANTORG,INE565V01010
Vedanta Aluminium Metal Limited,VAML,INE1CDF01017
Vardhman Acrylics Limited,VARDHACRLC,INE116G01013
Vardhman Polytex Limited,VARDMNPOLY,INE835A01029
Varroc Engineering Limited,VARROC,INE665L01035
Vascon Engineers Limited,VASCONEQ,INE893I01013
Shri Vasuprada Plantations Limited,VASUPRADA,INE574G01013
Vaswani Industries Limited,VASWANI,INE590L01019
Varun Beverages Limited,VBL,INE200M01039
Vaxtex Cotfab Limited,VCL,INE098201036
VEDAVAAG Systems Limited,VEDAVAAG,INE359B01010
Vedanta Limited,VEDL,INE205A01025
Vedanta Power Limited,VEDPOWER,INE694L01019
Veedol Corporation Limited,VEEDOL,INE484C01030
Veljan Denison Limited,VELJAN,INE232E01013
Venky's (India) Limited,VENKEYS,INE398A01010
Ventive Hospitality Limited,VENTIVE,INE781S01027
Venus Pipes & Tubes Limited,VENUSPIPES,INE0JA001018
Venus Remedies Limited,VENUSREM,INE411B01019
Veranda Learning Solutions Limited,VERANDA,INE0IQ001011
Vertoz Limited,VERTOZ,INE188Y01031
Vesuvius India Limited,VESUVIUS,INE386A01023
Veto Switchgears And Cables Limited,VETO,INE918N01018
Vibrant Global Capital Limited,VGCL,INE761Q01015
VARVEE GLOBAL LIMITED,VGL,INE273D01027
V-Guard Industries Limited,VGUARD,INE951I01027
Vardhman Holdings Limited,VHL,INE701A01023
Viceroy Hotels Limited,VHLTD,INE048C01025
Vidhi Specialty Food Ingredients Limited,VIDHIING,INE632C01026
Vidya Wires Limited,VIDYAWIRES,INE14UN01029
Vijaya Diagnostic Centre Limited,VIJAYA,INE043W01024
Viji Finance Limited,VIJIFIN,INE159N01027
Vijay Solvex Limited,VIJSOLX,INE362D01010
Vikas EcoTech Limited,VIKASECO,INE806A01020
Vikas Lifecare Limited,VIKASLIFE,INE161L01027
Vikram Solar Limited,VIKRAMSOLR,INE078V01014
Vikran Engineering Limited,VIKRAN,INE01R501028
Vimta Labs Limited,VIMTALABS,INE579C01029
Vinati Organics Limited,VINATIORGA,INE410B01037
Vintage Coffee And Beverages Limited,VINCOFE,INE498Q01014
Vindhya Telelinks Limited,VINDHYATEL,INE707A01012
Vineet Laboratories Limited,VINEETLAB,INE505Y01010
Vinny Overseas Limited,VINNY,INE01KI01027
Vinyl Chemicals (India) Limited,VINYLINDIA,INE250B01029
VIP Clothing Limited,VIPCLOTHNG,INE450G01024
VIP Industries Limited,VIPIND,INE054A01027
Vipul Limited,VIPULLTD,INE946H01037
Virat Industries Limited,VIRAT,INE467D01017
Virinchi Limited,VIRINCHI,INE539B01017
Virtual Global Education Limited,VIRTUALG,INE247C01023
VISA Chrome Limited,VISACHROME,INE286H01012
Visaka Industries Limited,VISAKAIND,INE392A01021
Vishal Fabrics Limited,VISHAL,INE755Q01025
Vishnu Chemicals Limited,VISHNU,INE270I01022
Vishwaraj Sugar Industries Limited,VISHWARAJ,INE430N01022
Vedanta Iron and Steel Limited,VISL,INE1CLE01013
Vital Chemtech Limited,VITAL,INE0L4K01016
Viviana Power Tech Limited,VIVIANA,INE0MEG01014
Visagar Polytex Limited,VIVIDHA,INE370E01029
Vivimed Labs Limited,VIVIMEDLAB,INE526G01021
Vivo Bio Tech Limited,VIVOBIOT,INE380K01017
Viyash Scientific Limited,VIYASH,INE807F01027
VL E-Governance & IT Solutions Limited,VLEGOV,INE03HW01020
VLS Finance Limited,VLSFINANCE,INE709A01018
V-Mart Retail Limited,VMART,INE665J01013
Vishal Mega Mart Limited,VMM,INE01EA01019
VMS TMT Limited,VMSTMT,INE0SJA01013
Virtuoso Optoelectronics Limited,VOEPL,INE0I0T01010
Vedanta Oil and Gas Limited,VOGL,INE704J01044
Voith Paper Fabrics India Limited,VOITHPAPR,INE285C01015
Voltamp Transformers Limited,VOLTAMP,INE540H01012
Voltas Limited,VOLTAS,INE226A01021
Vishnu Prakash R Punglia Limited,VPRPL,INE0AE001013
Vraj Iron and Steel Limited,VRAJ,INE0S2V01010
VRL Logistics Limited,VRLLOG,INE366I01010
Vardhman Special Steels Limited,VSSL,INE050M01012
VST Industries Limited,VSTIND,INE710A01016
Vibhor Steel Tubes Limited,VSTL,INE0QTF01015
V.S.T Tillers Tractors Limited,VSTTILLERS,INE764D01017
Vardhman Textiles Limited,VTL,INE825A01020
VTM Limited,VTMLTD,INE222F01029
Waaree Energies Limited,WAAREEENER,INE377N01017
Indosolar Limited,WAAREEINDO,INE866K01023
Waaree Renewable Technologies Limited,WAAREERTL,INE299N01021
VA Tech Wabag Limited,WABAG,INE956G01038
Wakefit Innovations Limited,WAKEFIT,INE0E7301029
Walchandnagar Industries Limited,WALCHANNAG,INE711A01022
Wanbury Limited,WANBURY,INE107F01022
Wardwizard Innovations & Mobility Limited,WARDINMOBI,INE945P01024
Waterbase Limited,WATERBASE,INE054C01015
Western Carriers (India) Limited,WCIL,INE0CJF01024
Wealth First Portfolio Managers Limited,WEALTH,INE658T01017
Websol Energy System Limited,WEBELSOLAR,INE855C01023
Weizmann Limited,WEIZMANIND,INE080A01014
Wonder Electricals Limited,WEL,INE02WG01024
Welspun Corp Limited,WELCORP,INE191B01025
Welspun Enterprises Limited,WELENT,INE625G01013
Welspun Investments and Commercials Limited,WELINV,INE389K01018
Welspun Specialty Solutions Limited,WELSPLSOL,INE731F01037
Welspun Living Limited,WELSPUNLIV,INE192B01031
Wendt (India) Limited,WENDT,INE274C01019
WESTLIFE FOODWORLD LIMITED,WESTLIFE,INE274F01020
WE WIN LIMITED,WEWIN,INE082W01014
WeWork India Management Limited,WEWORK,INE085001019
WH Brady & Company Limited,WHBRADY,INE855A01019
Wheels India Limited,WHEELS,INE715A01015
Whirlpool of India Limited,WHIRLPOOL,INE716A01013
Williamson Magor & Company Limited,WILLAMAGOR,INE210A01017
Windlas Biotech Limited,WINDLAS,INE0H5O01029
Windsor Machines Limited,WINDMACHIN,INE052A01021
The Western India Plywoods Limited,WIPL,INE215F01023
Wipro Limited,WIPRO,INE075A01022
Wockhardt Limited,WOCKPHARMA,INE049B01025
Wonderla Holidays Limited,WONDERLA,INE066O01014
Worth Peripherals Limited,WORTHPERI,INE196Y01018
WPIL Limited,WPIL,INE765D01022
W S Industries (I) Limited,WSI,INE100D01014
West Coast Paper Mills Limited,WSTCSTPAPR,INE976A01021
Xchanging Solutions Limited,XCHANGING,INE692G01013
Xelpmoc Design And Tech Limited,XELPMOC,INE01P501012
Xpro India Limited,XPROINDIA,INE445C01015
Xtglobal Infotech Limited,XTGLOBAL,INE547B01028
Xtranet Technologies Limited,XTRANET,INE0NG701011
Yasho Industries Limited,YASHO,INE616Z01012
Yatharth Hospital & Trauma Care Services Limited,YATHARTH,INE0JO301016
Yatra Online Limited,YATRA,INE0JR601024
Yes Bank Limited,YESBANK,INE528G01035
Yogi Limited,YOGI,INE290E01011
Yuken India Limited,YUKEN,INE384C01016
Zaggle Prepaid Ocean Services Limited,ZAGGLE,INE07K301024
Zee Entertainment Enterprises Limited,ZEEL,INE256A01028
Zee Learn Limited,ZEELEARN,INE565L01011
Zee Media Corporation Limited,ZEEMEDIA,INE966H01019
Zenith Exports Limited,ZENITHEXPO,INE058B01018
Zenith Steel Pipes & Industries Limited,ZENITHSTL,INE318D01020
Zensar Technologies Limited,ZENSARTECH,INE520A01027
Zen Technologies Limited,ZENTEC,INE251B01027
ZF Commercial Vehicle Control Systems India Limited,ZFCVINDIA,INE342J01019
ZF Steering Gear (India) Limited,ZFSTEERING,INE116C01012
Zim Laboratories Limited,ZIMLAB,INE518E01015
Zodiac Energy Limited,ZODIAC,INE761Y01019
Zodiac Clothing Company Limited,ZODIACLOTH,INE206B01013
Zota Health Care LImited,ZOTA,INE358U01012
Saraswati Commercial India Limited,ZSARACOM,INE967G01019
Zuari Agro Chemicals Limited,ZUARI,INE840M01016
ZUARI INDUSTRIES LIMITED,ZUARIIND,INE217A01012
Zydus Lifesciences Limited,ZYDUSLIFE,INE010B01027
Zydus Wellness Limited,ZYDUSWELL,INE768C01028
